Timestamp: 25:08:13:20:02:12:459983
Calling nr_srs_channel_estimation function
Timestamp: 25:08:13:20:02:12:459990
====================== UE port 0 --> gNB Rx antenna 0 ======================
------------------------------------ 0 ------------------------------------
	  __genRe________genIm__|____rxRe_________rxIm__|____lsRe________lsIm_
(   0)    511	     0  |     167	   393  |     166	   392
(   2)   -310	  -408  |     229	  -341  |     133	   388
(   4)    475	  -189  |     296	   284  |     169	   372
(   6)    372	  -351  |     381	   155  |     170	   373
(   8)   -501	   107  |    -262	  -330  |     187	   377
(  10)   -160	  -487  |     319	  -300  |     185	   397
------------------------------------ 1 ------------------------------------
	  __genRe________genIm__|____rxRe_________rxIm__|____lsRe________lsIm_
(  12)   -450	  -246  |     -19	  -438  |     227	   375
(  14)    402	   316  |     -61	   452  |     231	   392
(  16)    -94	   503  |    -416	   147  |     220	   381
(  18)    416	   298  |     -44	   406  |     200	   355
(  20)   -470	  -205  |     -47	  -420  |     211	   366
(  22)   -223	  -462  |     220	  -372  |     239	   360
------------------------------------ 2 ------------------------------------
	  __genRe________genIm__|____rxRe_________rxIm__|____lsRe________lsIm_
(  24)   -474	   193  |    -370	  -270  |     240	   389
(  26)    286	  -425  |     438	   -16  |     257	   354
(  28)    409	  -308  |     442	   116  |     283	   358
(  30)   -420	  -294  |      -5	  -453  |     264	   368
(  32)    480	  -179  |     393	   219  |     291	   342
(  34)    471	  -200  |     427	   210  |     310	   359
------------------------------------ 3 ------------------------------------
	  __genRe________genIm__|____rxRe_________rxIm__|____lsRe________lsIm_
(  36)   -455	  -236  |     -56	  -449  |     256	   373
(  38)    331	  -390  |     470	     6  |     299	   361
(  40)    143	  -492  |     370	  -184  |     280	   304
(  42)   -362	   363  |    -456	   -13  |     313	   332
(  44)   -413	  -303  |     -57	  -470  |     324	   345
(  46)   -505	    84  |    -413	  -242  |     367	   306
------------------------------------ 4 ------------------------------------
	  __genRe________genIm__|____rxRe_________rxIm__|____lsRe________lsIm_
(  48)    511	   -23  |     326	   322  |     310	   336
(  50)    277	   430  |     -99	   455  |     328	   329
(  52)    503	   -91  |     329	   242  |     280	   296
(  54)   -465	   214  |    -444	  -147  |     341	   319
(  56)   -499	  -119  |    -256	  -386  |     339	   316
(  58)   -127	   496  |    -407	   253  |     346	   331
------------------------------------ 5 ------------------------------------
	  __genRe________genIm__|____rxRe_________rxIm__|____lsRe________lsIm_
(  60)   -192	  -475  |     136	  -481  |     395	   306
(  62)    -49	  -510  |     236	  -379  |     354	   271
(  64)   -460	   225  |    -438	   -77  |     359	   261
(  66)     53	  -510  |     280	  -338  |     365	   243
(  68)      8	  -512  |     292	  -428  |     432	   285
(  70)   -385	   338  |    -445	     7  |     339	   288
------------------------------------ 6 ------------------------------------
	  __genRe________genIm__|____rxRe_________rxIm__|____lsRe________lsIm_
(  72)   -263	  -440  |      53	  -483  |     387	   293
(  74)   -433	  -275  |    -205	  -422  |     400	   246
(  76)    267	   436  |      -5	   461  |     389	   244
(  78)   -377	   346  |    -434	    77  |     371	   236
(  80)      8	   511  |    -230	   411  |     406	   235
(  82)     31	  -512  |     224	  -410  |     423	   199
------------------------------------ 7 ------------------------------------
	  __genRe________genIm__|____rxRe_________rxIm__|____lsRe________lsIm_
(  84)    446	  -251  |     501	   -36  |     454	   214
(  86)    -83	  -506  |     123	  -437  |     411	   192
(  88)    227	   458  |       7	   451  |     406	   193
(  90)    -83	   505  |    -213	   416  |     444	   142
(  92)    507	    68  |     425	   246  |     453	   187
(  94)   -439	   264  |    -461	   106  |     449	   146
------------------------------------ 8 ------------------------------------
	  __genRe________genIm__|____rxRe_________rxIm__|____lsRe________lsIm_
(  96)   -490	   151  |    -504	    11  |     485	   138
(  98)    331	   389  |     147	   473  |     454	   194
( 100)   -503	    96  |    -514	   -33  |     498	   128
( 102)   -486	   162  |    -468	    22  |     451	   127
( 104)    457	   230  |     335	   307  |     436	   123
( 106)   -292	   421  |    -351	   307  |     452	   113
------------------------------------ 9 ------------------------------------
	  __genRe________genIm__|____rxRe_________rxIm__|____lsRe________lsIm_
( 108)    -49	   509  |    -177	   434  |     448	   134
( 110)    247	  -449  |     278	  -369  |     457	    65
( 112)    493	   134  |     439	   184  |     470	    62
( 114)    416	  -299  |     408	  -226  |     463	    54
( 116)   -426	   284  |    -468	   211  |     506	    84
( 118)   -479	  -184  |    -432	  -236  |     488	    65
------------------------------------ 10 ------------------------------------
	  __genRe________genIm__|____rxRe_________rxIm__|____lsRe________lsIm_
( 120)   -319	   400  |    -358	   333  |     483	    72
( 122)    164	  -485  |     151	  -460  |     484	    -5
( 124)    402	  -317  |     389	  -265  |     469	    32
( 126)   -345	  -379  |    -332	  -413  |     529	    32
( 128)    508	    56  |     532	    28  |     530	   -31
( 130)    487	   156  |     472	   127  |     487	   -24
------------------------------------ 11 ------------------------------------
	  __genRe________genIm__|____rxRe_________rxIm__|____lsRe________lsIm_
( 132)    -71	  -508  |     -61	  -470  |     474	     4
( 134)    483	   167  |     438	   138  |     458	   -13
( 136)    505	    79  |     520	    65  |     522	   -17
( 138)   -319	  -401  |    -287	  -345  |     449	   -10
( 140)    429	  -280  |     384	  -305  |     488	   -46
( 142)    217	  -464  |     155	  -489  |     508	   -67
------------------------------------ 12 ------------------------------------
	  __genRe________genIm__|____rxRe_________rxIm__|____lsRe________lsIm_
( 144)   -369	   354  |    -271	   372  |     452	   -81
( 146)   -444	  -256  |    -446	  -153  |     463	   -91
( 148)   -470	   204  |    -398	   261  |     469	   -82
( 150)    467	  -210  |     386	  -334  |     489	  -147
( 152)    452	   240  |     488	   106  |     480	  -136
( 154)    348	  -375  |     274	  -447  |     513	  -104
------------------------------------ 13 ------------------------------------
	  __genRe________genIm__|____rxRe_________rxIm__|____lsRe________lsIm_
( 156)   -181	   479  |     -11	   458  |     432	  -152
( 158)   -400	   320  |    -247	   428  |     460	  -180
( 160)    365	   359  |     461	   219  |     482	  -168
( 162)   -512	    -6  |    -462	   219  |     459	  -225
( 164)   -505	   -85  |    -472	   128  |     444	  -205
( 166)    164	   484  |     287	   369  |     440	  -154
------------------------------------ 14 ------------------------------------
	  __genRe________genIm__|____rxRe_________rxIm__|____lsRe________lsIm_
( 168)   -510	   -52  |    -432	   155  |     414	  -199
( 170)   -509	    62  |    -417	   243  |     443	  -192
( 172)    429	   279  |     430	    57  |     391	  -187
( 174)   -301	   414  |     -93	   466  |     431	  -199
( 176)    -15	   511  |     232	   409  |     401	  -244
( 178)    175	  -481  |     -84	  -436  |     380	  -228
------------------------------------ 15 ------------------------------------
	  __genRe________genIm__|____rxRe_________rxIm__|____lsRe________lsIm_
( 180)    511	    11  |     379	  -241  |     373	  -249
( 182)    295	  -418  |      31	  -449  |     384	  -234
( 184)   -273	   433  |      22	   453  |     371	  -261
( 186)   -507	    73  |    -334	   326  |     377	  -276
( 188)    -37	   510  |     227	   407  |     389	  -256
( 190)   -181	  -480  |    -378	  -208  |     328	  -281
------------------------------------ 16 ------------------------------------
	  __genRe________genIm__|____rxRe_________rxIm__|____lsRe________lsIm_
( 192)     65	  -508  |    -241	  -374  |     340	  -287
( 194)   -512	    17  |    -365	   315  |     375	  -303
( 196)    340	  -383  |     -14	  -457  |     332	  -314
( 198)    380	  -343  |      -1	  -433  |     289	  -323
( 200)   -490	  -152  |    -368	   157  |     305	  -260
( 202)    323	  -398  |     -57	  -421  |     291	  -310
------------------------------------ 17 ------------------------------------
	  __genRe________genIm__|____rxRe_________rxIm__|____lsRe________lsIm_
( 204)    207	  -469  |    -138	  -398  |     308	  -288
( 206)   -450	   245  |     -90	   361  |     251	  -275
( 208)   -243	  -451  |    -390	   -92  |     266	  -300
( 210)   -465	  -215  |    -348	   163  |     247	  -295
( 212)    388	   333  |     382	   -84  |     234	  -313
( 214)   -171	   482  |     234	   327  |     229	  -330
------------------------------------ 18 ------------------------------------
	  __genRe________genIm__|____rxRe_________rxIm__|____lsRe________lsIm_
( 216)    323	   397  |     379	   -30  |     215	  -313
( 218)   -362	  -364  |    -381	    53  |     231	  -309
( 220)     19	  -512  |    -307	  -196  |     184	  -315
( 222)   -501	  -108  |    -272	   260  |     211	  -312
( 224)    493	  -135  |      84	  -343  |     171	  -309
( 226)    503	    90  |     231	  -271  |     179	  -307
------------------------------------ 19 ------------------------------------
	  __genRe________genIm__|____rxRe_________rxIm__|____lsRe________lsIm_
( 228)    -15	  -512  |    -342	  -179  |     189	  -337
( 230)    395	   325  |     323	  -153  |     152	  -324
( 232)    372	   350  |     320	  -149  |     130	  -328
( 234)     87	  -505  |    -273	  -241  |     191	  -311
( 236)    446	   250  |     299	  -227  |     149	  -344
( 238)    501	   101  |     196	  -283  |     135	  -316
------------------------------------ 20 ------------------------------------
	  __genRe________genIm__|____rxRe_________rxIm__|____lsRe________lsIm_
( 240)   -353	  -371  |    -289	   110  |     119	  -286
( 242)    356	  -368  |    -132	  -304  |     126	  -307
( 244)     42	  -511  |    -299	  -121  |      96	  -309
( 246)   -160	   486  |     263	   198  |     105	  -312
( 248)   -510	    51  |     -70	   316  |     101	  -308
( 250)   -202	   470  |     233	   198  |      89	  -293
------------------------------------ 21 ------------------------------------
	  __genRe________genIm__|____rxRe_________rxIm__|____lsRe________lsIm_
( 252)    132	  -495  |    -271	  -139  |      64	  -298
( 254)    441	  -261  |     -77	  -298  |      85	  -296
( 256)   -202	  -471  |    -308	    50  |      75	  -304
( 258)    409	   307  |     190	  -167  |      51	  -248
( 260)    257	   442  |     285	   -83  |      71	  -288
( 262)    365	  -359  |    -146	  -239  |      63	  -273
------------------------------------ 22 ------------------------------------
	  __genRe________genIm__|____rxRe_________rxIm__|____lsRe________lsIm_
( 264)     53	   509  |     266	     9  |      36	  -264
( 266)     42	   510  |     273	     5  |      27	  -272
( 268)    388	  -334  |    -114	  -218  |      55	  -240
( 270)    207	   468  |     245	   -80  |      25	  -257
( 272)    356	   367  |     219	  -146  |      47	  -259
( 274)   -105	  -502  |    -227	    34  |      13	  -230
------------------------------------ 23 ------------------------------------
	  __genRe________genIm__|____rxRe_________rxIm__|____lsRe________lsIm_
( 276)    490	  -146  |     -56	  -234  |      13	  -240
( 278)    267	  -437  |    -199	  -145  |      19	  -246
( 280)   -345	   378  |     180	   176  |       8	  -252
( 282)   -493	  -141  |     -77	   204  |      17	  -218
( 284)   -345	   378  |     157	   164  |      15	  -227
( 286)    267	  -437  |    -177	  -116  |       6	  -212
------------------------------------ 24 ------------------------------------
	  __genRe________genIm__|____rxRe_________rxIm__|____lsRe________lsIm_
( 288)    490	  -146  |     -57	  -215  |       6	  -223
( 290)   -105	  -502  |    -235	    51  |      -2	  -241
( 292)    356	   367  |     132	  -134  |      -5	  -188
( 294)    207	   468  |     187	   -80  |       2	  -204
( 296)    388	  -334  |    -126	  -180  |      21	  -219
( 298)     42	   510  |     195	   -12  |       4	  -196
------------------------------------ 25 ------------------------------------
	  __genRe________genIm__|____rxRe_________rxIm__|____lsRe________lsIm_
( 300)     53	   509  |     164	   -19  |      -2	  -166
( 302)    365	  -359  |    -112	  -123  |       6	  -167
( 304)    257	   442  |     192	  -104  |       6	  -218
( 306)    409	   307  |      48	  -190  |     -76	  -181
( 308)   -202	  -471  |    -170	    59  |      12	  -180
( 310)    441	  -261  |     -88	  -137  |      -6	  -163
------------------------------------ 26 ------------------------------------
	  __genRe________genIm__|____rxRe_________rxIm__|____lsRe________lsIm_
( 312)    132	  -495  |    -148	   -71  |      30	  -162
( 314)   -202	   470  |     140	   107  |      42	  -171
( 316)   -510	    51  |     -23	   170  |      39	  -168
( 318)   -160	   486  |     144	    62  |      13	  -157
( 320)     42	  -511  |    -128	   -30  |      19	  -131
( 322)    356	  -368  |     -99	  -124  |      20	  -158
------------------------------------ 27 ------------------------------------
	  __genRe________genIm__|____rxRe_________rxIm__|____lsRe________lsIm_
( 324)   -353	  -371  |    -112	    89  |      12	  -143
( 326)    501	   101  |      47	  -121  |      22	  -128
( 328)    446	   250  |     112	  -117  |      40	  -157
( 330)     87	  -505  |    -129	   -35  |      12	  -134
( 332)    372	   350  |     136	   -98  |      31	  -165
( 334)    395	   325  |      99	   -72  |      30	  -119
------------------------------------ 28 ------------------------------------
	  __genRe________genIm__|____rxRe_________rxIm__|____lsRe________lsIm_
( 336)    -15	  -512  |    -134	   -26  |      29	  -134
( 338)    503	    90  |      53	  -121  |      30	  -129
( 340)    493	  -135  |       4	  -123  |      36	  -118
( 342)   -501	  -108  |     -59	   121  |      32	  -131
( 344)     19	  -512  |    -143	   -33  |      27	  -145
( 346)   -362	  -364  |    -102	    56  |      32	  -113
------------------------------------ 29 ------------------------------------
	  __genRe________genIm__|____rxRe_________rxIm__|____lsRe________lsIm_
( 348)    323	   397  |     149	   -24  |      75	  -131
( 350)   -171	   482  |      94	    87  |      50	  -118
( 352)    388	   333  |     114	   -67  |      42	  -125
( 354)   -465	  -215  |     -91	    96  |      42	  -126
( 356)   -243	  -451  |    -141	     6  |      61	  -128
( 358)   -450	   245  |      -6	   135  |      69	  -116
------------------------------------ 30 ------------------------------------
	  __genRe________genIm__|____rxRe_________rxIm__|____lsRe________lsIm_
( 360)    207	  -469  |    -115	  -109  |      53	  -150
( 362)    323	  -398  |     -48	  -107  |      52	  -105
( 364)   -490	  -152  |     -87	    57  |      66	   -81
( 366)    380	  -343  |     -11	  -120  |      72	   -97
( 368)    340	  -383  |     -60	  -128  |      55	  -130
( 370)   -512	    17  |     -69	   117  |      72	  -115
------------------------------------ 31 ------------------------------------
	  __genRe________genIm__|____rxRe_________rxIm__|____lsRe________lsIm_
( 372)     65	  -508  |    -130	  -104  |      86	  -143
( 374)   -181	  -480  |    -142	    20  |      31	  -141
( 376)    -37	   510  |     114	    87  |      78	  -120
( 378)   -507	    73  |     -56	   145  |      76	  -136
( 380)   -273	   433  |      98	   116  |      45	  -145
( 382)    295	  -418  |     -50	  -124  |      72	  -113
------------------------------------ 32 ------------------------------------
	  __genRe________genIm__|____rxRe_________rxIm__|____lsRe________lsIm_
( 384)    511	    11  |      60	  -144  |      56	  -146
( 386)    175	  -481  |     -89	   -76  |      40	  -110
( 388)    -15	   511  |     119	    97  |      93	  -122
( 390)   -301	   414  |      43	   136  |      84	  -115
( 392)    429	   279  |     121	   -73  |      61	  -128
( 394)   -509	    62  |     -92	   149  |     109	  -137
------------------------------------ 33 ------------------------------------
	  __genRe________genIm__|____rxRe_________rxIm__|____lsRe________lsIm_
( 396)   -510	   -52  |     -93	   140  |      78	  -149
( 398)    164	   484  |     157	    37  |      85	  -137
( 400)   -505	   -85  |     -79	   159  |      51	  -170
( 402)   -512	    -6  |     -81	   117  |      79	  -118
( 404)    365	   359  |     113	   -31  |      58	  -102
( 406)   -400	   320  |      15	   132  |      70	  -113
------------------------------------ 34 ------------------------------------
	  __genRe________genIm__|____rxRe_________rxIm__|____lsRe________lsIm_
( 408)   -181	   479  |      81	   141  |     103	  -126
( 410)    348	  -375  |     -84	  -123  |      32	  -146
( 412)    452	   240  |     108	   -95  |      50	  -135
( 414)    467	  -210  |     -13	  -160  |      53	  -152
( 416)   -470	   204  |     -52	   184  |     121	  -149
( 418)   -444	  -256  |    -177	    84  |     111	  -162
------------------------------------ 35 ------------------------------------
	  __genRe________genIm__|____rxRe_________rxIm__|____lsRe________lsIm_
( 420)   -369	   354  |       9	   195  |     128	  -147
( 422)    217	  -464  |    -127	  -148  |      80	  -178
( 424)    429	  -280  |      -3	  -208  |     111	  -176
( 426)   -319	  -401  |    -211	     7  |     125	  -170
( 428)    505	    79  |     120	  -170  |      92	  -187
( 430)    483	   167  |     112	  -117  |      67	  -147
------------------------------------ 36 ------------------------------------
	  __genRe________genIm__|____rxRe_________rxIm__|____lsRe________lsIm_
( 432)    -71	  -508  |    -170	   -74  |      96	  -159
( 434)    487	   156  |     111	  -133  |      65	  -161
( 436)    508	    56  |     135	  -202  |     111	  -216
( 438)   -345	  -379  |    -192	    26  |     110	  -160
( 440)    402	  -317  |     -25	  -221  |     117	  -189
( 442)    164	  -485  |    -163	  -175  |     113	  -211
------------------------------------ 37 ------------------------------------
	  __genRe________genIm__|____rxRe_________rxIm__|____lsRe________lsIm_
( 444)   -319	   400  |      74	   155  |      74	  -155
( 446)   -479	  -184  |    -131	   148  |      69	  -186
( 448)   -426	   284  |      12	   191  |      95	  -166
( 450)    416	  -299  |     -72	  -257  |      91	  -251
( 452)    493	   134  |     167	  -209  |     106	  -245
( 454)    247	  -449  |    -145	  -208  |     112	  -228
------------------------------------ 38 ------------------------------------
	  __genRe________genIm__|____rxRe_________rxIm__|____lsRe________lsIm_
( 456)    -49	   509  |     245	    93  |      69	  -253
( 458)   -292	   421  |     142	   252  |     126	  -261
( 460)    457	   230  |     238	  -172  |     135	  -261
( 462)   -486	   162  |      18	   293  |      75	  -284
( 464)   -503	    96  |     -79	   265  |     127	  -246
( 466)    331	   389  |     218	   -75  |      83	  -215
------------------------------------ 39 ------------------------------------
	  __genRe________genIm__|____rxRe_________rxIm__|____lsRe________lsIm_
( 468)   -490	   151  |      -5	   265  |      82	  -253
( 470)   -439	   264  |      43	   319  |     127	  -296
( 472)    507	    68  |     123	  -214  |      93	  -229
( 474)    -83	   505  |     240	   129  |      88	  -258
( 476)    227	   458  |     302	   -66  |      74	  -300
( 478)    -83	  -506  |    -298	   -23  |      71	  -291
------------------------------------ 40 ------------------------------------
	  __genRe________genIm__|____rxRe_________rxIm__|____lsRe________lsIm_
( 480)    446	  -251  |    -101	  -280  |      49	  -294
( 482)     31	  -512  |    -265	   -75  |      58	  -270
( 484)      8	   511  |     338	    63  |      68	  -337
( 486)   -377	   346  |     152	   271  |      71	  -303
( 488)    267	   436  |     299	   -97  |      73	  -306
( 490)   -433	  -275  |    -225	   267  |      46	  -347
------------------------------------ 41 ------------------------------------
	  __genRe________genIm__|____rxRe_________rxIm__|____lsRe________lsIm_
( 492)   -263	  -440  |    -324	   133  |      52	  -347
( 494)   -385	   338  |     182	   267  |      39	  -321
( 496)      8	  -512  |    -372	   -53  |      47	  -373
( 498)     53	  -510  |    -353	   -30  |      -7	  -355
( 500)   -460	   225  |     152	   323  |       5	  -357
( 502)    -49	  -510  |    -358	    40  |      -6	  -361
------------------------------------ 42 ------------------------------------
	  __genRe________genIm__|____rxRe_________rxIm__|____lsRe________lsIm_
( 504)   -192	  -475  |    -316	   107  |      19	  -334
( 506)   -127	   496  |     325	    50  |     -33	  -328
( 508)   -499	  -119  |     -41	   338  |     -39	  -339
( 510)   -465	   214  |     184	   290  |     -46	  -341
( 512)    503	   -91  |    -144	  -391  |     -72	  -410
( 514)    277	   430  |     325	  -272  |     -53	  -421
------------------------------------ 43 ------------------------------------
	  __genRe________genIm__|____rxRe_________rxIm__|____lsRe________lsIm_
( 516)    511	   -23  |     -85	  -385  |     -68	  -389
( 518)   -505	    84  |     117	   348  |     -59	  -363
( 520)   -413	  -303  |    -125	   364  |    -115	  -368
( 522)   -362	   363  |     328	   203  |     -88	  -377
( 524)    143	  -492  |    -374	   -17  |     -89	  -365
( 526)    331	  -390  |    -390	  -128  |    -155	  -380
------------------------------------ 44 ------------------------------------
	  __genRe________genIm__|____rxRe_________rxIm__|____lsRe________lsIm_
( 528)   -455	  -236  |     -54	   426  |    -149	  -404
( 530)    471	  -200  |    -288	  -283  |    -155	  -373
( 532)    480	  -179  |    -290	  -325  |    -159	  -407
( 534)   -420	  -294  |    -138	   380  |    -105	  -391
( 536)    409	  -308  |    -356	  -234  |    -144	  -402
( 538)    286	  -425  |    -437	   -46  |    -206	  -389
------------------------------------ 45 ------------------------------------
	  __genRe________genIm__|____rxRe_________rxIm__|____lsRe________lsIm_
( 540)   -474	   193  |     277	   272  |    -154	  -357
( 542)   -223	  -462  |    -283	   292  |    -141	  -383
( 544)   -470	  -205  |      65	   445  |    -238	  -383
( 546)    416	   298  |      50	  -415  |    -201	  -367
( 548)    -94	   503  |     412	  -182  |    -255	  -372
( 550)    402	   316  |      54	  -388  |    -198	  -338
------------------------------------ 46 ------------------------------------
	  __genRe________genIm__|____rxRe_________rxIm__|____lsRe________lsIm_
( 552)   -450	  -246  |      41	   456  |    -256	  -382
( 554)   -160	  -487  |    -268	   337  |    -237	  -361
( 556)   -501	   107  |     302	   308  |    -232	  -365
( 558)    372	  -351  |    -477	   -57  |    -308	  -369
( 560)    475	  -189  |    -376	  -196  |    -277	  -321
( 562)   -310	  -408  |     -91	   411  |    -273	  -322
------------------------------------ 47 ------------------------------------
	  __genRe________genIm__|____rxRe_________rxIm__|____lsRe________lsIm_
( 564)    511	     0  |    -293	  -337  |    -293	  -337
( 566)    511	     0  |    -330	  -313  |    -330	  -313
( 568)   -310	  -408  |    -108	   441  |    -287	  -354
( 570)    475	  -189  |    -417	  -186  |    -319	  -327
( 572)    372	  -351  |    -399	     7  |    -295	  -269
( 574)   -501	   107  |     389	   210  |    -337	  -287
------------------------------------- 0 -------------------------------------
	  __lsRe__________lsIm__|____intRe_______intIm__|____noiRe_______noiIm__
(   0)    166	   392  |     158	   392  |       8	     0
(   1)      0	     0  |     150	   390  |       8	     0
(   2)    133	   388  |     150	   386  |      17	     2
(   3)      0	     0  |     150	   380  |      17	     2
(   4)    169	   372  |     160	   378  |       9	     6
(   5)      0	     0  |     170	   372  |       9	     6
(   6)    170	   373  |     174	   374  |       4	     1
(   7)      0	     0  |     180	   374  |       4	     1
(   8)    187	   377  |     182	   382  |       5	     5
(   9)      0	     0  |     186	   386  |       5	     5
(  10)    185	   397  |     194	   386  |       9	    11
(  11)      0	     0  |     206	   386  |       9	    11
------------------------------------- 1 -------------------------------------
	  __lsRe__________lsIm__|____intRe_______intIm__|____noiRe_______noiIm__
(  12)    227	   375  |     218	   386  |       9	    11
(  13)      0	     0  |     230	   384  |       9	    11
(  14)    231	   392  |     228	   386  |       3	     6
(  15)      0	     0  |     226	   386  |       3	     6
(  16)    220	   381  |     218	   376  |       2	     5
(  17)      0	     0  |     210	   368  |       2	     5
(  18)    200	   355  |     208	   366  |       8	    11
(  19)      0	     0  |     206	   362  |       8	    11
(  20)    211	   366  |     216	   362  |       5	     4
(  21)      0	     0  |     226	   364  |       5	     4
(  22)    239	   360  |     232	   370  |       7	    10
(  23)      0	     0  |     240	   374  |       7	    10
------------------------------------- 2 -------------------------------------
	  __lsRe__________lsIm__|____intRe_______intIm__|____noiRe_______noiIm__
(  24)    240	   389  |     244	   372  |       4	    17
(  25)      0	     0  |     248	   372  |       4	    17
(  26)    257	   354  |     258	   366  |       1	    12
(  27)      0	     0  |     270	   358  |       1	    12
(  28)    283	   358  |     272	   360  |      11	     2
(  29)      0	     0  |     274	   364  |      11	     2
(  30)    264	   368  |     274	   360  |      10	     8
(  31)      0	     0  |     278	   356  |      10	     8
(  32)    291	   342  |     290	   354  |       1	    12
(  33)      0	     0  |     302	   352  |       1	    12
(  34)    310	   359  |     292	   360  |      18	     1
(  35)      0	     0  |     284	   366  |      18	     1
------------------------------------- 3 -------------------------------------
	  __lsRe__________lsIm__|____intRe_______intIm__|____noiRe_______noiIm__
(  36)    256	   373  |     280	   366  |      24	     7
(  37)      0	     0  |     278	   366  |      24	     7
(  38)    299	   361  |     284	   350  |      15	    11
(  39)      0	     0  |     290	   332  |      15	    11
(  40)    280	   304  |     292	   326  |      12	    22
(  41)      0	     0  |     296	   318  |      12	    22
(  42)    313	   332  |     308	   328  |       5	     4
(  43)      0	     0  |     318	   338  |       5	     4
(  44)    324	   345  |     332	   332  |       8	    13
(  45)      0	     0  |     346	   326  |       8	    13
(  46)    367	   306  |     344	   324  |      23	    18
(  47)      0	     0  |     340	   322  |      23	    18
------------------------------------- 4 -------------------------------------
	  __lsRe__________lsIm__|____intRe_______intIm__|____noiRe_______noiIm__
(  48)    310	   336  |     330	   326  |      20	    10
(  49)      0	     0  |     320	   332  |      20	    10
(  50)    328	   329  |     312	   322  |      16	     7
(  51)      0	     0  |     304	   312  |      16	     7
(  52)    280	   296  |     308	   310  |      28	    14
(  53)      0	     0  |     310	   308  |      28	    14
(  54)    341	   319  |     324	   314  |      17	     5
(  55)      0	     0  |     340	   318  |      17	     5
(  56)    339	   316  |     342	   320  |       3	     4
(  57)      0	     0  |     344	   324  |       3	     4
(  58)    346	   331  |     356	   322  |      10	     9
(  59)      0	     0  |     372	   320  |      10	     9
------------------------------------- 5 -------------------------------------
	  __lsRe__________lsIm__|____intRe_______intIm__|____noiRe_______noiIm__
(  60)    395	   306  |     372	   304  |      23	     2
(  61)      0	     0  |     376	   290  |      23	     2
(  62)    354	   271  |     366	   278  |      12	     7
(  63)      0	     0  |     358	   266  |      12	     7
(  64)    359	   261  |     360	   258  |       1	     3
(  65)      0	     0  |     362	   252  |       1	     3
(  66)    365	   243  |     380	   260  |      15	    17
(  67)      0	     0  |     398	   264  |      15	    17
(  68)    432	   285  |     392	   274  |      40	    11
(  69)      0	     0  |     386	   286  |      40	    11
(  70)    339	   288  |     374	   290  |      35	     2
(  71)      0	     0  |     364	   290  |      35	     2
------------------------------------- 6 -------------------------------------
	  __lsRe__________lsIm__|____intRe_______intIm__|____noiRe_______noiIm__
(  72)    387	   293  |     378	   280  |       9	    13
(  73)      0	     0  |     394	   270  |       9	    13
(  74)    400	   246  |     394	   260  |       6	    14
(  75)      0	     0  |     394	   246  |       6	    14
(  76)    389	   244  |     386	   244  |       3	     0
(  77)      0	     0  |     380	   240  |       3	     0
(  78)    371	   236  |     386	   238  |      15	     2
(  79)      0	     0  |     390	   236  |      15	     2
(  80)    406	   235  |     402	   228  |       4	     7
(  81)      0	     0  |     416	   218  |       4	     7
(  82)    423	   199  |     428	   212  |       5	    13
(  83)      0	     0  |     440	   208  |       5	    13
------------------------------------- 7 -------------------------------------
	  __lsRe__________lsIm__|____intRe_______intIm__|____noiRe_______noiIm__
(  84)    454	   214  |     436	   206  |      18	     8
(  85)      0	     0  |     434	   204  |      18	     8
(  86)    411	   192  |     422	   198  |      11	     6
(  87)      0	     0  |     410	   192  |      11	     6
(  88)    406	   193  |     418	   180  |      12	    13
(  89)      0	     0  |     426	   168  |      12	    13
(  90)    444	   142  |     438	   166  |       6	    24
(  91)      0	     0  |     448	   166  |       6	    24
(  92)    453	   187  |     450	   166  |       3	    21
(  93)      0	     0  |     450	   168  |       3	    21
(  94)    449	   146  |     460	   154  |      11	     8
(  95)      0	     0  |     466	   144  |      11	     8
------------------------------------- 8 -------------------------------------
	  __lsRe__________lsIm__|____intRe_______intIm__|____noiRe_______noiIm__
(  96)    485	   138  |     468	   154  |      17	    16
(  97)      0	     0  |     470	   168  |      17	    16
(  98)    454	   194  |     474	   164  |      20	    30
(  99)      0	     0  |     478	   162  |      20	    30
( 100)    498	   128  |     476	   144  |      22	    16
( 101)      0	     0  |     476	   128  |      22	    16
( 102)    451	   127  |     460	   126  |       9	     1
( 103)      0	     0  |     444	   126  |       9	     1
( 104)    436	   123  |     444	   122  |       8	     1
( 105)      0	     0  |     444	   118  |       8	     1
( 106)    452	   113  |     448	   120  |       4	     7
( 107)      0	     0  |     450	   124  |       4	     7
------------------------------------- 9 -------------------------------------
	  __lsRe__________lsIm__|____intRe_______intIm__|____noiRe_______noiIm__
( 108)    448	   134  |     452	   112  |       4	    22
( 109)      0	     0  |     452	   100  |       4	    22
( 110)    457	    65  |     458	    82  |       1	    17
( 111)      0	     0  |     464	    64  |       1	    17
( 112)    470	    62  |     466	    62  |       4	     0
( 113)      0	     0  |     468	    60  |       4	     0
( 114)    463	    54  |     476	    66  |      13	    12
( 115)      0	     0  |     486	    70  |      13	    12
( 116)    506	    84  |     492	    72  |      14	    12
( 117)      0	     0  |     498	    74  |      14	    12
( 118)    488	    65  |     490	    72  |       2	     7
( 119)      0	     0  |     486	    68  |       2	     7
------------------------------------- 10 -------------------------------------
	  __lsRe__________lsIm__|____intRe_______intIm__|____noiRe_______noiIm__
( 120)    483	    72  |     486	    50  |       3	    22
( 121)      0	     0  |     484	    34  |       3	    22
( 122)    484	    -5  |     480	    24  |       4	    29
( 123)      0	     0  |     476	    14  |       4	    29
( 124)    469	    32  |     488	    22  |      19	    10
( 125)      0	     0  |     498	    32  |      19	    10
( 126)    529	    32  |     514	    16  |      15	    16
( 127)      0	     0  |     530	     0  |      15	    16
( 128)    530	   -31  |     520	   -14  |      10	    17
( 129)      0	     0  |     510	   -28  |      10	    17
( 130)    487	   -24  |     494	   -18  |       7	     6
( 131)      0	     0  |     482	   -10  |       7	     6
------------------------------------- 11 -------------------------------------
	  __lsRe__________lsIm__|____intRe_______intIm__|____noiRe_______noiIm__
( 132)    474	     4  |     474	    -8  |       0	    12
( 133)      0	     0  |     468	    -4  |       0	    12
( 134)    458	   -13  |     478	    -8  |      20	     5
( 135)      0	     0  |     492	   -14  |      20	     5
( 136)    522	   -17  |     488	   -14  |      34	     3
( 137)      0	     0  |     486	   -12  |      34	     3
( 138)    449	   -10  |     476	   -20  |      27	    10
( 139)      0	     0  |     468	   -26  |      27	    10
( 140)    488	   -46  |     484	   -40  |       4	     6
( 141)      0	     0  |     498	   -56  |       4	     6
( 142)    508	   -67  |     490	   -66  |      18	     1
( 143)      0	     0  |     480	   -74  |      18	     1
------------------------------------- 12 -------------------------------------
	  __lsRe__________lsIm__|____intRe_______intIm__|____noiRe_______noiIm__
( 144)    452	   -81  |     470	   -78  |      18	     3
( 145)      0	     0  |     458	   -86  |      18	     3
( 146)    463	   -91  |     464	   -86  |       1	     5
( 147)      0	     0  |     466	   -86  |       1	     5
( 148)    469	   -82  |     472	   -98  |       3	    16
( 149)      0	     0  |     478	  -114  |       3	    16
( 150)    489	  -147  |     482	  -128  |       7	    19
( 151)      0	     0  |     484	  -142  |       7	    19
( 152)    480	  -136  |     490	  -130  |      10	     6
( 153)      0	     0  |     496	  -120  |      10	     6
( 154)    513	  -104  |     484	  -124  |      29	    20
( 155)      0	     0  |     472	  -128  |      29	    20
------------------------------------- 13 -------------------------------------
	  __lsRe__________lsIm__|____intRe_______intIm__|____noiRe_______noiIm__
( 156)    432	  -152  |     460	  -146  |      28	     6
( 157)      0	     0  |     446	  -166  |      28	     6
( 158)    460	  -180  |     458	  -170  |       2	    10
( 159)      0	     0  |     472	  -174  |       2	    10
( 160)    482	  -168  |     472	  -184  |      10	    16
( 161)      0	     0  |     472	  -196  |      10	    16
( 162)    459	  -225  |     462	  -206  |       3	    19
( 163)      0	     0  |     452	  -214  |       3	    19
( 164)    444	  -205  |     446	  -196  |       2	     9
( 165)      0	     0  |     442	  -178  |       2	     9
( 166)    440	  -154  |     436	  -178  |       4	    24
( 167)      0	     0  |     428	  -176  |       4	    24
------------------------------------- 14 -------------------------------------
	  __lsRe__________lsIm__|____intRe_______intIm__|____noiRe_______noiIm__
( 168)    414	  -199  |     428	  -186  |      14	    13
( 169)      0	     0  |     430	  -196  |      14	    13
( 170)    443	  -192  |     424	  -192  |      19	     0
( 171)      0	     0  |     418	  -190  |      19	     0
( 172)    391	  -187  |     414	  -192  |      23	     5
( 173)      0	     0  |     412	  -194  |      23	     5
( 174)    431	  -199  |     414	  -206  |      17	     7
( 175)      0	     0  |     416	  -222  |      17	     7
( 176)    401	  -244  |     404	  -228  |       3	    16
( 177)      0	     0  |     390	  -236  |       3	    16
( 178)    380	  -228  |     384	  -236  |       4	     8
( 179)      0	     0  |     376	  -238  |       4	     8
------------------------------------- 15 -------------------------------------
	  __lsRe__________lsIm__|____intRe_______intIm__|____noiRe_______noiIm__
( 180)    373	  -249  |     378	  -238  |       5	    11
( 181)      0	     0  |     378	  -240  |       5	    11
( 182)    384	  -234  |     378	  -244  |       6	    10
( 183)      0	     0  |     378	  -246  |       6	    10
( 184)    371	  -261  |     376	  -256  |       5	     5
( 185)      0	     0  |     374	  -268  |       5	     5
( 186)    377	  -276  |     378	  -268  |       1	     8
( 187)      0	     0  |     382	  -266  |       1	     8
( 188)    389	  -256  |     370	  -266  |      19	    10
( 189)      0	     0  |     358	  -268  |      19	    10
( 190)    328	  -281  |     348	  -276  |      20	     5
( 191)      0	     0  |     334	  -284  |      20	     5
------------------------------------- 16 -------------------------------------
	  __lsRe__________lsIm__|____intRe_______intIm__|____noiRe_______noiIm__
( 192)    340	  -287  |     346	  -290  |       6	     3
( 193)      0	     0  |     358	  -296  |       6	     3
( 194)    375	  -303  |     358	  -302  |      17	     1
( 195)      0	     0  |     354	  -308  |      17	     1
( 196)    332	  -314  |     332	  -312  |       0	     2
( 197)      0	     0  |     310	  -318  |       0	     2
( 198)    289	  -323  |     304	  -304  |      15	    19
( 199)      0	     0  |     296	  -292  |      15	    19
( 200)    305	  -260  |     296	  -288  |       9	    28
( 201)      0	     0  |     298	  -284  |       9	    28
( 202)    291	  -310  |     300	  -290  |       9	    20
( 203)      0	     0  |     300	  -298  |       9	    20
------------------------------------- 17 -------------------------------------
	  __lsRe__________lsIm__|____intRe_______intIm__|____noiRe_______noiIm__
( 204)    308	  -288  |     288	  -290  |      20	     2
( 205)      0	     0  |     280	  -282  |      20	     2
( 206)    251	  -275  |     270	  -284  |      19	     9
( 207)      0	     0  |     260	  -288  |      19	     9
( 208)    266	  -300  |     258	  -292  |       8	     8
( 209)      0	     0  |     258	  -298  |       8	     8
( 210)    247	  -295  |     248	  -300  |       1	     5
( 211)      0	     0  |     242	  -304  |       1	     5
( 212)    234	  -313  |     238	  -312  |       4	     1
( 213)      0	     0  |     232	  -320  |       4	     1
( 214)    229	  -330  |     226	  -320  |       3	    10
( 215)      0	     0  |     222	  -320  |       3	    10
------------------------------------- 18 -------------------------------------
	  __lsRe__________lsIm__|____intRe_______intIm__|____noiRe_______noiIm__
( 216)    215	  -313  |     224	  -316  |       9	     3
( 217)      0	     0  |     224	  -310  |       9	     3
( 218)    231	  -309  |     216	  -310  |      15	     1
( 219)      0	     0  |     208	  -312  |      15	     1
( 220)    184	  -315  |     202	  -314  |      18	     1
( 221)      0	     0  |     198	  -314  |      18	     1
( 222)    211	  -312  |     194	  -312  |      17	     0
( 223)      0	     0  |     192	  -310  |      17	     0
( 224)    171	  -309  |     182	  -308  |      11	     1
( 225)      0	     0  |     176	  -308  |      11	     1
( 226)    179	  -307  |     180	  -316  |       1	     9
( 227)      0	     0  |     184	  -322  |       1	     9
------------------------------------- 19 -------------------------------------
	  __lsRe__________lsIm__|____intRe_______intIm__|____noiRe_______noiIm__
( 228)    189	  -337  |     176	  -324  |      13	    13
( 229)      0	     0  |     170	  -330  |      13	    13
( 230)    152	  -324  |     156	  -328  |       4	     4
( 231)      0	     0  |     142	  -326  |       4	     4
( 232)    130	  -328  |     152	  -322  |      22	     6
( 233)      0	     0  |     162	  -320  |      22	     6
( 234)    191	  -311  |     166	  -324  |      25	    13
( 235)      0	     0  |     170	  -328  |      25	    13
( 236)    149	  -344  |     156	  -328  |       7	    16
( 237)      0	     0  |     142	  -330  |       7	    16
( 238)    135	  -316  |     136	  -316  |       1	     0
( 239)      0	     0  |     128	  -300  |       1	     0
------------------------------------- 20 -------------------------------------
	  __lsRe__________lsIm__|____intRe_______intIm__|____noiRe_______noiIm__
( 240)    119	  -286  |     126	  -296  |       7	    10
( 241)      0	     0  |     124	  -296  |       7	    10
( 242)    126	  -307  |     118	  -304  |       8	     3
( 243)      0	     0  |     112	  -308  |       8	     3
( 244)     96	  -309  |     106	  -308  |      10	     1
( 245)      0	     0  |     100	  -310  |      10	     1
( 246)    105	  -312  |     102	  -310  |       3	     2
( 247)      0	     0  |     102	  -310  |       3	     2
( 248)    101	  -308  |      98	  -306  |       3	     2
( 249)      0	     0  |      94	  -300  |       3	     2
( 250)     89	  -293  |      86	  -296  |       3	     3
( 251)      0	     0  |      76	  -294  |       3	     3
------------------------------------- 21 -------------------------------------
	  __lsRe__________lsIm__|____intRe_______intIm__|____noiRe_______noiIm__
( 252)     64	  -298  |      76	  -296  |      12	     2
( 253)      0	     0  |      74	  -296  |      12	     2
( 254)     85	  -296  |      76	  -298  |       9	     2
( 255)      0	     0  |      80	  -300  |       9	     2
( 256)     75	  -304  |      72	  -288  |       3	    16
( 257)      0	     0  |      64	  -276  |       3	    16
( 258)     51	  -248  |      62	  -272  |      11	    24
( 259)      0	     0  |      62	  -268  |      11	    24
( 260)     71	  -288  |      64	  -274  |       7	    14
( 261)      0	     0  |      68	  -280  |       7	    14
( 262)     63	  -273  |      60	  -274  |       3	     1
( 263)      0	     0  |      50	  -268  |       3	     1
------------------------------------- 22 -------------------------------------
	  __lsRe__________lsIm__|____intRe_______intIm__|____noiRe_______noiIm__
( 264)     36	  -264  |      40	  -268  |       4	     4
( 265)      0	     0  |      32	  -268  |       4	     4
( 266)     27	  -272  |      38	  -262  |      11	    10
( 267)      0	     0  |      42	  -256  |      11	    10
( 268)     55	  -240  |      40	  -252  |      15	    12
( 269)      0	     0  |      40	  -248  |      15	    12
( 270)     25	  -257  |      38	  -252  |      13	     5
( 271)      0	     0  |      36	  -258  |      13	     5
( 272)     47	  -259  |      34	  -252  |      13	     7
( 273)      0	     0  |      30	  -244  |      13	     7
( 274)     13	  -230  |      22	  -238  |       9	     8
( 275)      0	     0  |      12	  -234  |       9	     8
------------------------------------- 23 -------------------------------------
	  __lsRe__________lsIm__|____intRe_______intIm__|____noiRe_______noiIm__
( 276)     13	  -240  |      14	  -240  |       1	     0
( 277)      0	     0  |      16	  -242  |       1	     0
( 278)     19	  -246  |      16	  -244  |       3	     2
( 279)      0	     0  |      14	  -248  |       3	     2
( 280)      8	  -252  |      12	  -242  |       4	    10
( 281)      0	     0  |      12	  -234  |       4	    10
( 282)     17	  -218  |      14	  -226  |       3	     8
( 283)      0	     0  |      16	  -222  |       3	     8
( 284)     15	  -227  |      14	  -220  |       1	     7
( 285)      0	     0  |      12	  -220  |       1	     7
( 286)      6	  -212  |      10	  -218  |       4	     6
( 287)      0	     0  |       8	  -218  |       4	     6
------------------------------------- 24 -------------------------------------
	  __lsRe__________lsIm__|____intRe_______intIm__|____noiRe_______noiIm__
( 288)      6	  -223  |       6	  -224  |       0	     1
( 289)      0	     0  |       4	  -232  |       0	     1
( 290)     -2	  -241  |       0	  -222  |       2	    19
( 291)      0	     0  |      -2	  -214  |       2	    19
( 292)     -5	  -188  |      -2	  -204  |       3	    16
( 293)      0	     0  |       0	  -196  |       3	    16
( 294)      2	  -204  |       6	  -202  |       4	     2
( 295)      0	     0  |      12	  -212  |       4	     2
( 296)     21	  -219  |      12	  -208  |       9	    11
( 297)      0	     0  |      12	  -208  |       9	    11
( 298)      4	  -196  |       8	  -194  |       4	     2
( 299)      0	     0  |       2	  -180  |       4	     2
------------------------------------- 25 -------------------------------------
	  __lsRe__________lsIm__|____intRe_______intIm__|____noiRe_______noiIm__
( 300)     -2	  -166  |       4	  -172  |       6	     6
( 301)      0	     0  |       4	  -166  |       6	     6
( 302)      6	  -167  |       6	  -180  |       0	    13
( 303)      0	     0  |       8	  -192  |       0	    13
( 304)      6	  -218  |       6	  -206  |       0	    12
( 305)      0	     0  |       6	  -218  |       0	    12
( 306)    -76	  -181  |     -52	  -180  |      24	     1
( 307)      0	     0  |     -32	  -180  |      24	     1
( 308)     12	  -180  |     -14	  -176  |      26	     4
( 309)      0	     0  |       4	  -172  |      26	     4
( 310)     -6	  -163  |      10	  -166  |      16	     3
( 311)      0	     0  |      14	  -162  |      16	     3
------------------------------------- 26 -------------------------------------
	  __lsRe__________lsIm__|____intRe_______intIm__|____noiRe_______noiIm__
( 312)     30	  -162  |      24	  -162  |       6	     0
( 313)      0	     0  |      38	  -166  |       6	     0
( 314)     42	  -171  |      40	  -168  |       2	     3
( 315)      0	     0  |      42	  -170  |       2	     3
( 316)     39	  -168  |      34	  -166  |       5	     2
( 317)      0	     0  |      26	  -162  |       5	     2
( 318)     13	  -157  |      20	  -152  |       7	     5
( 319)      0	     0  |      16	  -144  |       7	     5
( 320)     19	  -131  |      20	  -146  |       1	    15
( 321)      0	     0  |      20	  -144  |       1	    15
( 322)     20	  -158  |      18	  -146  |       2	    12
( 323)      0	     0  |      16	  -150  |       2	    12
------------------------------------- 27 -------------------------------------
	  __lsRe__________lsIm__|____intRe_______intIm__|____noiRe_______noiIm__
( 324)     12	  -143  |      18	  -144  |       6	     1
( 325)      0	     0  |      18	  -136  |       6	     1
( 326)     22	  -128  |      26	  -140  |       4	    12
( 327)      0	     0  |      32	  -142  |       4	    12
( 328)     40	  -157  |      30	  -144  |      10	    13
( 329)      0	     0  |      26	  -144  |      10	    13
( 330)     12	  -134  |      24	  -148  |      12	    14
( 331)      0	     0  |      22	  -148  |      12	    14
( 332)     31	  -165  |      28	  -146  |       3	    19
( 333)      0	     0  |      32	  -142  |       3	    19
( 334)     30	  -119  |      32	  -136  |       2	    17
( 335)      0	     0  |      30	  -126  |       2	    17
------------------------------------- 28 -------------------------------------
	  __lsRe__________lsIm__|____intRe_______intIm__|____noiRe_______noiIm__
( 336)     29	  -134  |      30	  -128  |       1	     6
( 337)      0	     0  |      30	  -130  |       1	     6
( 338)     30	  -129  |      34	  -128  |       4	     1
( 339)      0	     0  |      34	  -122  |       4	     1
( 340)     36	  -118  |      34	  -122  |       2	     4
( 341)      0	     0  |      34	  -124  |       2	     4
( 342)     32	  -131  |      32	  -132  |       0	     1
( 343)      0	     0  |      30	  -138  |       0	     1
( 344)     27	  -145  |      30	  -132  |       3	    13
( 345)      0	     0  |      30	  -128  |       3	    13
( 346)     32	  -113  |      40	  -124  |       8	    11
( 347)      0	     0  |      54	  -122  |       8	    11
------------------------------------- 29 -------------------------------------
	  __lsRe__________lsIm__|____intRe_______intIm__|____noiRe_______noiIm__
( 348)     75	  -131  |      58	  -124  |      17	     7
( 349)      0	     0  |      64	  -124  |      17	     7
( 350)     50	  -118  |      54	  -122  |       4	     4
( 351)      0	     0  |      48	  -120  |       4	     4
( 352)     42	  -125  |      44	  -124  |       2	     1
( 353)      0	     0  |      44	  -124  |       2	     1
( 354)     42	  -126  |      48	  -126  |       6	     0
( 355)      0	     0  |      52	  -126  |       6	     0
( 356)     61	  -128  |      58	  -124  |       3	     4
( 357)      0	     0  |      64	  -122  |       3	     4
( 358)     69	  -116  |      64	  -128  |       5	    12
( 359)      0	     0  |      60	  -132  |       5	    12
------------------------------------- 30 -------------------------------------
	  __lsRe__________lsIm__|____intRe_______intIm__|____noiRe_______noiIm__
( 360)     53	  -150  |      58	  -128  |       5	    22
( 361)      0	     0  |      52	  -126  |       5	    22
( 362)     52	  -105  |      56	  -110  |       4	     5
( 363)      0	     0  |      60	   -92  |       4	     5
( 364)     66	   -81  |      66	   -90  |       0	     9
( 365)      0	     0  |      70	   -88  |       0	     9
( 366)     72	   -97  |      66	  -100  |       6	     3
( 367)      0	     0  |      64	  -112  |       6	     3
( 368)     55	  -130  |      64	  -116  |       9	    14
( 369)      0	     0  |      64	  -122  |       9	    14
( 370)     72	  -115  |      72	  -126  |       0	    11
( 371)      0	     0  |      80	  -130  |       0	    11
------------------------------------- 31 -------------------------------------
	  __lsRe__________lsIm__|____intRe_______intIm__|____noiRe_______noiIm__
( 372)     86	  -143  |      70	  -136  |      16	     7
( 373)      0	     0  |      60	  -142  |      16	     7
( 374)     31	  -141  |      58	  -136  |      27	     5
( 375)      0	     0  |      56	  -130  |      27	     5
( 376)     78	  -120  |      68	  -130  |      10	    10
( 377)      0	     0  |      78	  -128  |      10	    10
( 378)     76	  -136  |      70	  -134  |       6	     2
( 379)      0	     0  |      60	  -140  |       6	     2
( 380)     45	  -145  |      60	  -134  |      15	    11
( 381)      0	     0  |      58	  -128  |      15	    11
( 382)     72	  -113  |      62	  -128  |      10	    15
( 383)      0	     0  |      64	  -128  |      10	    15
------------------------------------- 32 -------------------------------------
	  __lsRe__________lsIm__|____intRe_______intIm__|____noiRe_______noiIm__
( 384)     56	  -146  |      56	  -128  |       0	    18
( 385)      0	     0  |      48	  -126  |       0	    18
( 386)     40	  -110  |      58	  -120  |      18	    10
( 387)      0	     0  |      66	  -114  |      18	    10
( 388)     93	  -122  |      78	  -116  |      15	     6
( 389)      0	     0  |      88	  -118  |      15	     6
( 390)     84	  -115  |      82	  -120  |       2	     5
( 391)      0	     0  |      72	  -122  |       2	     5
( 392)     61	  -128  |      80	  -126  |      19	     2
( 393)      0	     0  |      84	  -132  |      19	     2
( 394)    109	  -137  |      90	  -138  |      19	     1
( 395)      0	     0  |      94	  -142  |      19	     1
------------------------------------- 33 -------------------------------------
	  __lsRe__________lsIm__|____intRe_______intIm__|____noiRe_______noiIm__
( 396)     78	  -149  |      90	  -142  |      12	     7
( 397)      0	     0  |      82	  -142  |      12	     7
( 398)     85	  -137  |      74	  -148  |      11	    11
( 399)      0	     0  |      68	  -152  |      11	    11
( 400)     51	  -170  |      68	  -148  |      17	    22
( 401)      0	     0  |      66	  -142  |      17	    22
( 402)     79	  -118  |      66	  -126  |      13	     8
( 403)      0	     0  |      70	  -108  |      13	     8
( 404)     58	  -102  |      68	  -108  |      10	     6
( 405)      0	     0  |      66	  -106  |      10	     6
( 406)     70	  -113  |      76	  -114  |       6	     1
( 407)      0	     0  |      88	  -118  |       6	     1
------------------------------------- 34 -------------------------------------
	  __lsRe__________lsIm__|____intRe_______intIm__|____noiRe_______noiIm__
( 408)    103	  -126  |      78	  -126  |      25	     0
( 409)      0	     0  |      68	  -134  |      25	     0
( 410)     32	  -146  |      54	  -138  |      22	     8
( 411)      0	     0  |      42	  -140  |      22	     8
( 412)     50	  -135  |      48	  -142  |       2	     7
( 413)      0	     0  |      52	  -144  |       2	     7
( 414)     53	  -152  |      68	  -148  |      15	     4
( 415)      0	     0  |      86	  -150  |      15	     4
( 416)    121	  -149  |     102	  -152  |      19	     3
( 417)      0	     0  |     116	  -154  |      19	     3
( 418)    111	  -162  |     118	  -154  |       7	     8
( 419)      0	     0  |     120	  -154  |       7	     8
------------------------------------- 35 -------------------------------------
	  __lsRe__________lsIm__|____intRe_______intIm__|____noiRe_______noiIm__
( 420)    128	  -147  |     112	  -158  |      16	    11
( 421)      0	     0  |     104	  -162  |      16	    11
( 422)     80	  -178  |     100	  -168  |      20	    10
( 423)      0	     0  |      96	  -176  |      20	    10
( 424)    111	  -176  |     108	  -174  |       3	     2
( 425)      0	     0  |     118	  -172  |       3	     2
( 426)    125	  -170  |     114	  -174  |      11	     4
( 427)      0	     0  |     108	  -178  |      11	     4
( 428)     92	  -187  |      94	  -172  |       2	    15
( 429)      0	     0  |      80	  -168  |       2	    15
( 430)     67	  -147  |      82	  -160  |      15	    13
( 431)      0	     0  |      82	  -154  |      15	    13
------------------------------------- 36 -------------------------------------
	  __lsRe__________lsIm__|____intRe_______intIm__|____noiRe_______noiIm__
( 432)     96	  -159  |      80	  -156  |      16	     3
( 433)      0	     0  |      80	  -160  |      16	     3
( 434)     65	  -161  |      84	  -174  |      19	    13
( 435)      0	     0  |      88	  -188  |      19	    13
( 436)    111	  -216  |     100	  -188  |      11	    28
( 437)      0	     0  |     112	  -188  |      11	    28
( 438)    110	  -160  |     114	  -182  |       4	    22
( 439)      0	     0  |     114	  -174  |       4	    22
( 440)    117	  -189  |     114	  -186  |       3	     3
( 441)      0	     0  |     114	  -200  |       3	     3
( 442)    113	  -211  |     104	  -192  |       9	    19
( 443)      0	     0  |      94	  -184  |       9	    19
------------------------------------- 37 -------------------------------------
	  __lsRe__________lsIm__|____intRe_______intIm__|____noiRe_______noiIm__
( 444)     74	  -155  |      84	  -176  |      10	    21
( 445)      0	     0  |      72	  -170  |      10	    21
( 446)     69	  -186  |      76	  -172  |       7	    14
( 447)      0	     0  |      82	  -174  |       7	    14
( 448)     95	  -166  |      88	  -190  |       7	    24
( 449)      0	     0  |      94	  -208  |       7	    24
( 450)     91	  -251  |      96	  -230  |       5	    21
( 451)      0	     0  |     100	  -248  |       5	    21
( 452)    106	  -245  |     104	  -240  |       2	     5
( 453)      0	     0  |     110	  -236  |       2	     5
( 454)    112	  -228  |     100	  -240  |      12	    12
( 455)      0	     0  |      90	  -240  |      12	    12
------------------------------------- 38 -------------------------------------
	  __lsRe__________lsIm__|____intRe_______intIm__|____noiRe_______noiIm__
( 456)     69	  -253  |      94	  -248  |      25	     5
( 457)      0	     0  |      98	  -256  |      25	     5
( 458)    126	  -261  |     116	  -260  |      10	     1
( 459)      0	     0  |     132	  -260  |      10	     1
( 460)    135	  -261  |     118	  -266  |      17	     5
( 461)      0	     0  |     106	  -272  |      17	     5
( 462)     75	  -284  |     104	  -270  |      29	    14
( 463)      0	     0  |     102	  -264  |      29	    14
( 464)    127	  -246  |     102	  -246  |      25	     0
( 465)      0	     0  |     106	  -230  |      25	     0
( 466)     83	  -215  |      94	  -234  |      11	    19
( 467)      0	     0  |      84	  -234  |      11	    19
------------------------------------- 39 -------------------------------------
	  __lsRe__________lsIm__|____intRe_______intIm__|____noiRe_______noiIm__
( 468)     82	  -253  |      94	  -254  |      12	     1
( 469)      0	     0  |     106	  -274  |      12	     1
( 470)    127	  -296  |     108	  -270  |      19	    26
( 471)      0	     0  |     110	  -262  |      19	    26
( 472)     93	  -229  |     100	  -252  |       7	    23
( 473)      0	     0  |      90	  -242  |       7	    23
( 474)     88	  -258  |      86	  -260  |       2	     2
( 475)      0	     0  |      82	  -278  |       2	     2
( 476)     74	  -300  |      78	  -286  |       4	    14
( 477)      0	     0  |      74	  -296  |       4	    14
( 478)     71	  -291  |      66	  -294  |       5	     3
( 479)      0	     0  |      60	  -292  |       5	     3
------------------------------------- 40 -------------------------------------
	  __lsRe__________lsIm__|____intRe_______intIm__|____noiRe_______noiIm__
( 480)     49	  -294  |      56	  -286  |       7	     8
( 481)      0	     0  |      54	  -280  |       7	     8
( 482)     58	  -270  |      60	  -292  |       2	    22
( 483)      0	     0  |      64	  -302  |       2	    22
( 484)     68	  -337  |      66	  -312  |       2	    25
( 485)      0	     0  |      70	  -320  |       2	    25
( 486)     71	  -303  |      72	  -312  |       1	     9
( 487)      0	     0  |      72	  -304  |       1	     9
( 488)     73	  -306  |      66	  -314  |       7	     8
( 489)      0	     0  |      60	  -326  |       7	     8
( 490)     46	  -347  |      56	  -336  |      10	    11
( 491)      0	     0  |      50	  -348  |      10	    11
------------------------------------- 41 -------------------------------------
	  __lsRe__________lsIm__|____intRe_______intIm__|____noiRe_______noiIm__
( 492)     52	  -347  |      48	  -340  |       4	     7
( 493)      0	     0  |      46	  -334  |       4	     7
( 494)     39	  -321  |      46	  -340  |       7	    19
( 495)      0	     0  |      44	  -346  |       7	    19
( 496)     47	  -373  |      32	  -354  |      15	    19
( 497)      0	     0  |      20	  -364  |      15	    19
( 498)     -7	  -355  |      10	  -362  |      17	     7
( 499)      0	     0  |      -2	  -356  |      17	     7
( 500)      5	  -357  |      -2	  -356  |       7	     1
( 501)      0	     0  |       0	  -358  |       7	     1
( 502)     -6	  -361  |       4	  -354  |      10	     7
( 503)      0	     0  |       8	  -346  |      10	     7
------------------------------------- 42 -------------------------------------
	  __lsRe__________lsIm__|____intRe_______intIm__|____noiRe_______noiIm__
( 504)     19	  -334  |       0	  -338  |      19	     4
( 505)      0	     0  |      -6	  -330  |      19	     4
( 506)    -33	  -328  |     -22	  -332  |      11	     4
( 507)      0	     0  |     -36	  -334  |      11	     4
( 508)    -39	  -339  |     -40	  -338  |       1	     1
( 509)      0	     0  |     -42	  -340  |       1	     1
( 510)    -46	  -341  |     -50	  -356  |       4	    15
( 511)      0	     0  |     -58	  -374  |       4	    15
( 512)    -72	  -410  |     -62	  -396  |      10	    14
( 513)      0	     0  |     -62	  -414  |      10	    14
( 514)    -53	  -421  |     -60	  -410  |       7	    11
( 515)      0	     0  |     -60	  -404  |       7	    11
------------------------------------- 43 -------------------------------------
	  __lsRe__________lsIm__|____intRe_______intIm__|____noiRe_______noiIm__
( 516)    -68	  -389  |     -62	  -390  |       6	     1
( 517)      0	     0  |     -64	  -376  |       6	     1
( 518)    -59	  -363  |     -74	  -372  |      15	     9
( 519)      0	     0  |     -88	  -366  |      15	     9
( 520)   -115	  -368  |     -94	  -368  |      21	     0
( 521)      0	     0  |    -102	  -372  |      21	     0
( 522)    -88	  -377  |     -94	  -372  |       6	     5
( 523)      0	     0  |     -88	  -370  |       6	     5
( 524)    -89	  -365  |    -104	  -370  |      15	     5
( 525)      0	     0  |    -122	  -372  |      15	     5
( 526)   -155	  -380  |    -138	  -382  |      17	     2
( 527)      0	     0  |    -152	  -392  |      17	     2
------------------------------------- 44 -------------------------------------
	  __lsRe__________lsIm__|____intRe_______intIm__|____noiRe_______noiIm__
( 528)   -149	  -404  |    -150	  -390  |       1	    14
( 529)      0	     0  |    -152	  -388  |       1	    14
( 530)   -155	  -373  |    -156	  -388  |       1	    15
( 531)      0	     0  |    -158	  -390  |       1	    15
( 532)   -159	  -407  |    -144	  -396  |      15	    11
( 533)      0	     0  |    -132	  -400  |      15	    11
( 534)   -105	  -391  |    -128	  -398  |      23	     7
( 535)      0	     0  |    -124	  -396  |      23	     7
( 536)   -144	  -402  |    -150	  -396  |       6	     6
( 537)      0	     0  |    -174	  -394  |       6	     6
( 538)   -206	  -389  |    -176	  -384  |      30	     5
( 539)      0	     0  |    -178	  -372  |      30	     5
------------------------------------- 45 -------------------------------------
	  __lsRe__________lsIm__|____intRe_______intIm__|____noiRe_______noiIm__
( 540)   -154	  -357  |    -164	  -372  |      10	    15
( 541)      0	     0  |    -146	  -370  |      10	    15
( 542)   -141	  -383  |    -168	  -378  |      27	     5
( 543)      0	     0  |    -188	  -384  |      27	     5
( 544)   -238	  -383  |    -204	  -380  |      34	     3
( 545)      0	     0  |    -218	  -376  |      34	     3
( 546)   -201	  -367  |    -224	  -372  |      23	     5
( 547)      0	     0  |    -228	  -370  |      23	     5
( 548)   -255	  -372  |    -228	  -362  |      27	    10
( 549)      0	     0  |    -226	  -354  |      27	    10
( 550)   -198	  -338  |    -226	  -356  |      28	    18
( 551)      0	     0  |    -226	  -358  |      28	    18
------------------------------------- 46 -------------------------------------
	  __lsRe__________lsIm__|____intRe_______intIm__|____noiRe_______noiIm__
( 552)   -256	  -382  |    -238	  -364  |      18	    18
( 553)      0	     0  |    -246	  -370  |      18	    18
( 554)   -237	  -361  |    -240	  -368  |       3	     7
( 555)      0	     0  |    -234	  -362  |       3	     7
( 556)   -232	  -365  |    -252	  -364  |      20	     1
( 557)      0	     0  |    -270	  -366  |      20	     1
( 558)   -308	  -369  |    -282	  -356  |      26	    13
( 559)      0	     0  |    -292	  -344  |      26	    13
( 560)   -277	  -321  |    -282	  -332  |       5	    11
( 561)      0	     0  |    -274	  -320  |       5	    11
( 562)   -273	  -322  |    -280	  -324  |       7	     2
( 563)      0	     0  |    -282	  -328  |       7	     2
------------------------------------- 47 -------------------------------------
	  __lsRe__________lsIm__|____intRe_______intIm__|____noiRe_______noiIm__
( 564)   -293	  -337  |    -296	  -326  |       3	    11
( 565)      0	     0  |    -310	  -324  |       3	    11
( 566)   -330	  -313  |    -310	  -328  |      20	    15
( 567)      0	     0  |    -308	  -332  |      20	    15
( 568)   -287	  -354  |    -306	  -336  |      19	    18
( 569)      0	     0  |    -304	  -340  |      19	    18
( 570)   -319	  -327  |    -306	  -320  |      13	     7
( 571)      0	     0  |    -308	  -298  |      13	     7
( 572)   -295	  -269  |    -312	  -288  |      17	    19
( 573)      0	     0  |    -316	  -278  |      17	    19
( 574)   -337	  -287  |    -326	  -284  |      11	     3
( 575)      0	     0  |    -336	  -286  |      11	     3
signal_power = 129625
noise_power_per_rb[0] = 43, snr_per_rb[0] = 32 dB
noise_power_per_rb[1] = 33, snr_per_rb[1] = 33 dB
noise_power_per_rb[2] = 87, snr_per_rb[2] = 29 dB
noise_power_per_rb[3] = 113, snr_per_rb[3] = 27 dB
noise_power_per_rb[4] = 94, snr_per_rb[4] = 28 dB
noise_power_per_rb[5] = 209, snr_per_rb[5] = 25 dB
noise_power_per_rb[6] = 49, snr_per_rb[6] = 31 dB
noise_power_per_rb[7] = 81, snr_per_rb[7] = 29 dB
noise_power_per_rb[8] = 175, snr_per_rb[8] = 26 dB
noise_power_per_rb[9] = 95, snr_per_rb[9] = 28 dB
noise_power_per_rb[10] = 123, snr_per_rb[10] = 27 dB
noise_power_per_rb[11] = 164, snr_per_rb[11] = 26 dB
noise_power_per_rb[12] = 159, snr_per_rb[12] = 26 dB
noise_power_per_rb[13] = 127, snr_per_rb[13] = 27 dB
noise_power_per_rb[14] = 93, snr_per_rb[14] = 28 dB
noise_power_per_rb[15] = 68, snr_per_rb[15] = 30 dB
noise_power_per_rb[16] = 152, snr_per_rb[16] = 26 dB
noise_power_per_rb[17] = 80, snr_per_rb[17] = 29 dB
noise_power_per_rb[18] = 63, snr_per_rb[18] = 30 dB
noise_power_per_rb[19] = 123, snr_per_rb[19] = 27 dB
noise_power_per_rb[20] = 27, snr_per_rb[20] = 34 dB
noise_power_per_rb[21] = 110, snr_per_rb[21] = 28 dB
noise_power_per_rb[22] = 47, snr_per_rb[22] = 31 dB
noise_power_per_rb[23] = 21, snr_per_rb[23] = 35 dB
noise_power_per_rb[24] = 72, snr_per_rb[24] = 29 dB
noise_power_per_rb[25] = 139, snr_per_rb[25] = 27 dB
noise_power_per_rb[26] = 41, snr_per_rb[26] = 32 dB
noise_power_per_rb[27] = 64, snr_per_rb[27] = 30 dB
noise_power_per_rb[28] = 27, snr_per_rb[28] = 34 dB
noise_power_per_rb[29] = 48, snr_per_rb[29] = 31 dB
noise_power_per_rb[30] = 62, snr_per_rb[30] = 30 dB
noise_power_per_rb[31] = 68, snr_per_rb[31] = 30 dB
noise_power_per_rb[32] = 100, snr_per_rb[32] = 28 dB
noise_power_per_rb[33] = 66, snr_per_rb[33] = 30 dB
noise_power_per_rb[34] = 74, snr_per_rb[34] = 29 dB
noise_power_per_rb[35] = 72, snr_per_rb[35] = 29 dB
noise_power_per_rb[36] = 146, snr_per_rb[36] = 26 dB
noise_power_per_rb[37] = 59, snr_per_rb[37] = 30 dB
noise_power_per_rb[38] = 124, snr_per_rb[38] = 27 dB
noise_power_per_rb[39] = 149, snr_per_rb[39] = 26 dB
noise_power_per_rb[40] = 88, snr_per_rb[40] = 29 dB
noise_power_per_rb[41] = 66, snr_per_rb[41] = 30 dB
noise_power_per_rb[42] = 75, snr_per_rb[42] = 29 dB
noise_power_per_rb[43] = 52, snr_per_rb[43] = 31 dB
noise_power_per_rb[44] = 165, snr_per_rb[44] = 26 dB
noise_power_per_rb[45] = 132, snr_per_rb[45] = 27 dB
noise_power_per_rb[46] = 125, snr_per_rb[46] = 27 dB
noise_power_per_rb[47] = 92, snr_per_rb[47] = 28 dB
noise_power = 299, SNR = 24 dB
Timestamp: 25:08:13:20:02:12:499939
Calling nr_srs_channel_estimation function
Timestamp: 25:08:13:20:02:12:499941
====================== UE port 0 --> gNB Rx antenna 0 ======================
------------------------------------ 0 ------------------------------------
	  __genRe________genIm__|____rxRe_________rxIm__|____lsRe________lsIm_
(   0)    511	     0  |    -343	    47  |    -343	    46
(   2)   -310	  -408  |     239	   277  |    -366	    22
(   4)    475	  -189  |    -297	   165  |    -337	    43
(   6)    372	  -351  |    -232	   251  |    -341	    23
(   8)   -501	   107  |     328	  -118  |    -346	    46
(  10)   -160	  -487  |     174	   307  |    -347	    69
------------------------------------ 1 ------------------------------------
	  __genRe________genIm__|____rxRe_________rxIm__|____lsRe________lsIm_
(  12)   -450	  -246  |     335	    91  |    -339	    80
(  14)    402	   316  |    -277	  -184  |    -332	    26
(  16)    -94	   503  |      -1	  -349  |    -343	    65
(  18)    416	   298  |    -292	  -137  |    -317	    58
(  20)   -470	  -205  |     375	    40  |    -361	   113
(  22)   -223	  -462  |     256	   286  |    -370	   106
------------------------------------ 2 ------------------------------------
	  __genRe________genIm__|____rxRe_________rxIm__|____lsRe________lsIm_
(  24)   -474	   193  |     309	  -205  |    -364	    73
(  26)    286	  -425  |    -101	   349  |    -347	   111
(  28)    409	  -308  |    -215	   305  |    -356	   114
(  30)   -420	  -294  |     339	   118  |    -346	    97
(  32)    480	  -179  |    -277	   226  |    -339	   115
(  34)    471	  -200  |    -250	   273  |    -337	   153
------------------------------------ 3 ------------------------------------
	  __genRe________genIm__|____rxRe_________rxIm__|____lsRe________lsIm_
(  36)   -455	  -236  |     365	    58  |    -352	   116
(  38)    331	  -390  |    -159	   349  |    -369	   104
(  40)    143	  -492  |      34	   371  |    -348	   136
(  42)   -362	   363  |     150	  -354  |    -358	   143
(  44)   -413	  -303  |     343	    88  |    -329	   132
(  46)   -505	    84  |     324	  -206  |    -354	   150
------------------------------------ 4 ------------------------------------
	  __genRe________genIm__|____rxRe_________rxIm__|____lsRe________lsIm_
(  48)    511	   -23  |    -311	   139  |    -317	   124
(  50)    277	   430  |    -315	  -201  |    -340	   155
(  52)    503	   -91  |    -262	   199  |    -293	   148
(  54)   -465	   214  |     237	  -310  |    -345	   182
(  56)   -499	  -119  |     335	   -97  |    -304	   172
(  58)   -127	   496  |     -92	  -365  |    -331	   179
------------------------------------ 5 ------------------------------------
	  __genRe________genIm__|____rxRe_________rxIm__|____lsRe________lsIm_
(  60)   -192	  -475  |     297	   226  |    -322	   190
(  62)    -49	  -510  |     252	   277  |    -301	   224
(  64)   -460	   225  |     200	  -322  |    -322	   201
(  66)     53	  -510  |     186	   294  |    -274	   215
(  68)      8	  -512  |     203	   328  |    -325	   208
(  70)   -385	   338  |      93	  -366  |    -312	   213
------------------------------------ 6 ------------------------------------
	  __genRe________genIm__|____rxRe_________rxIm__|____lsRe________lsIm_
(  72)   -263	  -440  |     342	   167  |    -320	   208
(  74)   -433	  -275  |     391	    -5  |    -328	   214
(  76)    267	   436  |    -343	  -132  |    -292	   223
(  78)   -377	   346  |      36	  -355  |    -267	   237
(  80)      8	   511  |    -240	  -303  |    -307	   234
(  82)     31	  -512  |     212	   318  |    -306	   231
------------------------------------ 7 ------------------------------------
	  __genRe________genIm__|____rxRe_________rxIm__|____lsRe________lsIm_
(  84)    446	  -251  |    -158	   405  |    -337	   275
(  86)    -83	  -506  |     303	   238  |    -285	   260
(  88)    227	   458  |    -360	  -117  |    -265	   270
(  90)    -83	   505  |    -237	  -299  |    -257	   282
(  92)    507	    68  |    -335	   250  |    -299	   292
(  94)   -439	   264  |      20	  -373  |    -210	   309
------------------------------------ 8 ------------------------------------
	  __genRe________genIm__|____rxRe_________rxIm__|____lsRe________lsIm_
(  96)   -490	   151  |     155	  -387  |    -263	   324
(  98)    331	   389  |    -428	   -46  |    -312	   295
( 100)   -503	    96  |     191	  -350  |    -254	   308
( 102)   -486	   162  |     145	  -364  |    -253	   299
( 104)    457	   230  |    -372	   164  |    -259	   313
( 106)   -292	   421  |    -124	  -396  |    -255	   327
------------------------------------ 9 ------------------------------------
	  __genRe________genIm__|____rxRe_________rxIm__|____lsRe________lsIm_
( 108)    -49	   509  |    -288	  -270  |    -241	   312
( 110)    247	  -449  |     177	   349  |    -221	   323
( 112)    493	   134  |    -311	   268  |    -230	   339
( 114)    416	  -299  |      24	   386  |    -206	   327
( 116)   -426	   284  |      14	  -388  |    -227	   315
( 118)   -479	  -184  |     323	  -278  |    -203	   376
------------------------------------ 10 ------------------------------------
	  __genRe________genIm__|____rxRe_________rxIm__|____lsRe________lsIm_
( 120)   -319	   400  |    -127	  -361  |    -203	   324
( 122)    164	  -485  |     270	   279  |    -178	   345
( 124)    402	  -317  |      76	   344  |    -154	   317
( 126)   -345	  -379  |     425	   -67  |    -237	   359
( 128)    508	    56  |    -186	   357  |    -146	   374
( 130)    487	   156  |    -235	   342  |    -120	   396
------------------------------------ 11 ------------------------------------
	  __genRe________genIm__|____rxRe_________rxIm__|____lsRe________lsIm_
( 132)    -71	  -508  |     423	   112  |    -170	   404
( 134)    483	   167  |    -229	   312  |    -115	   369
( 136)    505	    79  |    -200	   347  |    -144	   373
( 138)   -319	  -401  |     366	  -107  |    -145	   353
( 140)    429	  -280  |      93	   367  |    -123	   358
( 142)    217	  -464  |     291	   271  |    -123	   378
------------------------------------ 12 ------------------------------------
	  __genRe________genIm__|____rxRe_________rxIm__|____lsRe________lsIm_
( 144)   -369	   354  |    -176	  -332  |    -103	   360
( 146)   -444	  -256  |     282	  -297  |     -97	   398
( 148)   -470	   204  |     -72	  -353  |     -75	   352
( 150)    467	  -210  |      46	   411  |    -127	   393
( 152)    452	   240  |    -283	   289  |    -115	   387
( 154)    348	  -375  |     194	   352  |    -126	   381
------------------------------------ 13 ------------------------------------
	  __genRe________genIm__|____rxRe_________rxIm__|____lsRe________lsIm_
( 156)   -181	   479  |    -350	  -178  |     -43	   390
( 158)   -400	   320  |    -208	  -315  |     -35	   376
( 160)    365	   359  |    -332	   211  |     -89	   383
( 162)   -512	    -6  |      22	  -399  |     -18	   399
( 164)   -505	   -85  |      45	  -395  |      21	   397
( 166)    164	   484  |    -395	   100  |     -32	   405
------------------------------------ 14 ------------------------------------
	  __genRe________genIm__|____rxRe_________rxIm__|____lsRe________lsIm_
( 168)   -510	   -52  |      58	  -367  |     -21	   371
( 170)   -509	    62  |     -22	  -371  |     -24	   371
( 172)    429	   279  |    -189	   308  |       9	   361
( 174)   -301	   414  |    -298	  -202  |      11	   359
( 176)    -15	   511  |    -385	     3  |      14	   384
( 178)    175	  -481  |     336	   115  |       6	   354
------------------------------------ 15 ------------------------------------
	  __genRe________genIm__|____rxRe_________rxIm__|____lsRe________lsIm_
( 180)    511	    11  |      29	   363  |      36	   361
( 182)    295	  -418  |     300	   197  |      12	   358
( 184)   -273	   433  |    -342	  -171  |      37	   380
( 186)   -507	    73  |    -106	  -387  |      49	   398
( 188)    -37	   510  |    -355	     3  |      28	   353
( 190)   -181	  -480  |     287	  -210  |      95	   343
------------------------------------ 16 ------------------------------------
	  __genRe________genIm__|____rxRe_________rxIm__|____lsRe________lsIm_
( 192)     65	  -508  |     334	   -27  |      69	   327
( 194)   -512	    17  |     -47	  -331  |      36	   332
( 196)    340	  -383  |     348	   157  |     113	   364
( 198)    380	  -343  |     322	   164  |     129	   337
( 200)   -490	  -152  |      37	  -372  |      75	   367
( 202)    323	  -398  |     323	   117  |     112	   324
------------------------------------ 17 ------------------------------------
	  __genRe________genIm__|____rxRe_________rxIm__|____lsRe________lsIm_
( 204)    207	  -469  |     311	    29  |      99	   296
( 206)   -450	   245  |    -255	  -208  |     124	   304
( 208)   -243	  -451  |     218	  -247  |     114	   309
( 210)   -465	  -215  |      36	  -305  |      95	   292
( 212)    388	   333  |    -118	   300  |     105	   304
( 214)   -171	   482  |    -329	     6  |     115	   307
------------------------------------ 18 ------------------------------------
	  __genRe________genIm__|____rxRe_________rxIm__|____lsRe________lsIm_
( 216)    323	   397  |    -150	   274  |     117	   289
( 218)   -362	  -364  |      84	  -281  |     140	   258
( 220)     19	  -512  |     295	  -133  |     143	   290
( 222)   -501	  -108  |     -70	  -282  |     127	   261
( 224)    493	  -135  |     209	   197  |     149	   244
( 226)    503	    90  |     107	   275  |     153	   251
------------------------------------ 19 ------------------------------------
	  __genRe________genIm__|____rxRe_________rxIm__|____lsRe________lsIm_
( 228)    -15	  -512  |     252	  -151  |     143	   256
( 230)    395	   325  |     -32	   279  |     152	   235
( 232)    372	   350  |     -43	   292  |     168	   241
( 234)     87	  -505  |     263	  -131  |     173	   237
( 236)    446	   250  |       9	   253  |     131	   215
( 238)    501	   101  |     110	   242  |     155	   215
------------------------------------ 20 ------------------------------------
	  __genRe________genIm__|____rxRe_________rxIm__|____lsRe________lsIm_
( 240)   -353	  -371  |      53	  -268  |     157	   223
( 242)    356	  -368  |     247	    25  |     153	   194
( 244)     42	  -511  |     207	  -133  |     149	   195
( 246)   -160	   486  |    -252	    86  |     160	   212
( 248)   -510	    51  |    -191	  -163  |     174	   181
( 250)   -202	   470  |    -218	    93  |     171	   163
------------------------------------ 21 ------------------------------------
	  __genRe________genIm__|____rxRe_________rxIm__|____lsRe________lsIm_
( 252)    132	  -495  |     222	  -107  |     160	   187
( 254)    441	  -261  |     232	    60  |     169	   169
( 256)   -202	  -471  |     103	  -212  |     154	   178
( 258)    409	   307  |      36	   217  |     158	   151
( 260)    257	   442  |     -39	   203  |     155	   135
( 262)    365	  -359  |     216	    15  |     143	   162
------------------------------------ 22 ------------------------------------
	  __genRe________genIm__|____rxRe_________rxIm__|____lsRe________lsIm_
( 264)     53	   509  |    -121	   162  |     148	   137
( 266)     42	   510  |    -152	   183  |     169	   166
( 268)    388	  -334  |     207	    10  |     150	   142
( 270)    207	   468  |     -61	   205  |     162	   138
( 272)    356	   367  |      16	   191  |     148	   121
( 274)   -105	  -502  |      73	  -177  |     158	   107
------------------------------------ 23 ------------------------------------
	  __genRe________genIm__|____rxRe_________rxIm__|____lsRe________lsIm_
( 276)    490	  -146  |     175	    58  |     150	   105
( 278)    267	  -437  |     148	   -97  |     159	    75
( 280)   -345	   378  |    -177	    11  |     127	   123
( 282)   -493	  -141  |    -119	  -167  |     160	   128
( 284)   -345	   378  |    -162	    48  |     144	    87
( 286)    267	  -437  |     160	   -82  |     153	    93
------------------------------------ 24 ------------------------------------
	  __genRe________genIm__|____rxRe_________rxIm__|____lsRe________lsIm_
( 288)    490	  -146  |     179	    69  |     151	   117
( 290)   -105	  -502  |      81	  -158  |     138	   111
( 292)    356	   367  |      53	   160  |     151	    73
( 294)    207	   468  |     -15	   154  |     134	    75
( 296)    388	  -334  |     141	   -22  |     121	    75
( 298)     42	   510  |     -79	   133  |     126	    89
------------------------------------ 25 ------------------------------------
	  __genRe________genIm__|____rxRe_________rxIm__|____lsRe________lsIm_
( 300)     53	   509  |     -74	   128  |     119	    86
( 302)    365	  -359  |     149	   -43  |     136	    73
( 304)    257	   442  |      10	    96  |      87	    39
( 306)    409	   307  |     -64	    62  |     -14	    87
( 308)   -202	  -471  |      35	  -141  |     115	    87
( 310)    441	  -261  |     142	    31  |     106	    99
------------------------------------ 26 ------------------------------------
	  __genRe________genIm__|____rxRe_________rxIm__|____lsRe________lsIm_
( 312)    132	  -495  |      79	   -94  |     111	    52
( 314)   -202	   470  |     -90	    31  |      63	    70
( 316)   -510	    51  |     -71	   -66  |      64	    72
( 318)   -160	   486  |     -97	    53  |      80	    75
( 320)     42	  -511  |      98	   -93  |     100	    90
( 322)    356	  -368  |     130	   -15  |     101	    83
------------------------------------ 27 ------------------------------------
	  __genRe________genIm__|____rxRe_________rxIm__|____lsRe________lsIm_
( 324)   -353	  -371  |      29	   -89  |      44	    82
( 326)    501	   101  |      80	   100  |      98	    82
( 328)    446	   250  |      35	    92  |      75	    63
( 330)     87	  -505  |      81	   -38  |      51	    73
( 332)    372	   350  |       6	   125  |      89	    86
( 334)    395	   325  |       6	   100  |      68	    73
------------------------------------ 28 ------------------------------------
	  __genRe________genIm__|____rxRe_________rxIm__|____lsRe________lsIm_
( 336)    -15	  -512  |     100	   -79  |      76	   102
( 338)    503	    90  |      57	   107  |      74	    95
( 340)    493	  -135  |      95	    47  |      79	    70
( 342)   -501	  -108  |     -32	  -113  |      55	   103
( 344)     19	  -512  |      91	   -62  |      65	    88
( 346)   -362	  -364  |       4	   -91  |      61	    67
------------------------------------ 29 ------------------------------------
	  __genRe________genIm__|____rxRe_________rxIm__|____lsRe________lsIm_
( 348)    323	   397  |     -43	    80  |      34	    83
( 350)   -171	   482  |    -103	     9  |      42	    93
( 352)    388	   333  |     -26	    78  |      31	    76
( 354)   -465	  -215  |      -8	  -124  |      59	   109
( 356)   -243	  -451  |      67	   -54  |      15	    84
( 358)   -450	   245  |     -66	   -64  |      27	    87
------------------------------------ 30 ------------------------------------
	  __genRe________genIm__|____rxRe_________rxIm__|____lsRe________lsIm_
( 360)    207	  -469  |     106	     8  |      35	   100
( 362)    323	  -398  |      80	    28  |      28	    79
( 364)   -490	  -152  |     -14	   -89  |      39	    81
( 366)    380	  -343  |      77	    28  |      38	    72
( 368)    340	  -383  |     123	    21  |      65	   105
( 370)   -512	    17  |     -39	   -85  |      36	    86
------------------------------------ 31 ------------------------------------
	  __genRe________genIm__|____rxRe_________rxIm__|____lsRe________lsIm_
( 372)     65	  -508  |     113	     4  |      10	   112
( 374)   -181	  -480  |      68	   -70  |      41	    88
( 376)    -37	   510  |    -117	    11  |      19	   115
( 378)   -507	    73  |     -57	   -86  |      44	    93
( 380)   -273	   433  |    -132	   -43  |      34	   134
( 382)    295	  -418  |     114	     8  |      59	    97
------------------------------------ 32 ------------------------------------
	  __genRe________genIm__|____rxRe_________rxIm__|____lsRe________lsIm_
( 384)    511	    11  |      38	   121  |      40	   119
( 386)    175	  -481  |     113	     4  |      34	   107
( 388)    -15	   511  |    -109	    36  |      39	   107
( 390)   -301	   414  |    -123	   -25  |      52	   114
( 392)    429	   279  |     -32	   119  |      38	   117
( 394)   -509	    62  |     -64	   -96  |      52	   103
------------------------------------ 33 ------------------------------------
	  __genRe________genIm__|____rxRe_________rxIm__|____lsRe________lsIm_
( 396)   -510	   -52  |     -48	  -145  |      62	   139
( 398)    164	   484  |    -136	    70  |      22	   150
( 400)   -505	   -85  |     -47	  -135  |      68	   125
( 402)   -512	    -6  |     -46	  -104  |      47	   103
( 404)    365	   359  |     -46	   117  |      49	   115
( 406)   -400	   320  |    -117	   -65  |      50	   123
------------------------------------ 34 ------------------------------------
	  __genRe________genIm__|____rxRe_________rxIm__|____lsRe________lsIm_
( 408)   -181	   479  |    -128	   -29  |      18	   130
( 410)    348	  -375  |     130	    64  |      41	   138
( 412)    452	   240  |       0	   148  |      69	   130
( 414)    467	  -210  |     112	    89  |      65	   127
( 416)   -470	   204  |     -63	  -126  |       7	   140
( 418)   -444	  -256  |      48	  -146  |      31	   150
------------------------------------ 35 ------------------------------------
	  __genRe________genIm__|____rxRe_________rxIm__|____lsRe________lsIm_
( 420)   -369	   354  |    -117	   -91  |      21	   146
( 422)    217	  -464  |     172	    22  |      52	   165
( 424)    429	  -280  |      74	   100  |       7	   124
( 426)   -319	  -401  |      96	  -113  |      28	   145
( 428)    505	    79  |       3	   172  |      29	   169
( 430)    483	   167  |      24	   157  |      73	   140
------------------------------------ 36 ------------------------------------
	  __genRe________genIm__|____rxRe_________rxIm__|____lsRe________lsIm_
( 432)    -71	  -508  |     168	   -71  |      47	   176
( 434)    487	   156  |       3	   170  |      54	   160
( 436)    508	    56  |       4	   159  |      21	   157
( 438)   -345	  -379  |      84	  -143  |      49	   158
( 440)    402	  -317  |     127	    85  |      47	   145
( 442)    164	  -485  |     190	    16  |      45	   185
------------------------------------ 37 ------------------------------------
	  __genRe________genIm__|____rxRe_________rxIm__|____lsRe________lsIm_
( 444)   -319	   400  |    -160	   -72  |      43	   169
( 446)   -479	  -184  |      -8	  -191  |      76	   175
( 448)   -426	   284  |    -134	  -106  |      52	   162
( 450)    416	  -299  |     155	   137  |      45	   201
( 452)    493	   134  |      -8	   180  |      39	   175
( 454)    247	  -449  |     194	    71  |      31	   204
------------------------------------ 38 ------------------------------------
	  __genRe________genIm__|____rxRe_________rxIm__|____lsRe________lsIm_
( 456)    -49	   509  |    -197	    58  |      76	   190
( 458)   -292	   421  |    -188	   -64  |      54	   191
( 460)    457	   230  |     -50	   187  |      39	   189
( 462)   -486	   162  |    -184	  -183  |     116	   231
( 464)   -503	    96  |    -162	  -178  |     125	   205
( 466)    331	   389  |    -102	   231  |     109	   226
------------------------------------ 39 ------------------------------------
	  __genRe________genIm__|____rxRe_________rxIm__|____lsRe________lsIm_
( 468)   -490	   151  |    -138	  -153  |      86	   187
( 470)   -439	   264  |    -153	  -153  |      52	   210
( 472)    507	    68  |      75	   199  |     100	   187
( 474)    -83	   505  |    -210	    88  |     120	   192
( 476)    227	   458  |    -170	   191  |      95	   236
( 478)    -83	  -506  |     183	  -145  |     113	   204
------------------------------------ 40 ------------------------------------
	  __genRe________genIm__|____rxRe_________rxIm__|____lsRe________lsIm_
( 480)    446	  -251  |     230	   144  |     129	   238
( 482)     31	  -512  |     195	  -121  |     132	   187
( 484)      8	   511  |    -245	   120  |     115	   246
( 486)   -377	   346  |    -242	   -98  |     111	   235
( 488)    267	   436  |    -139	   235  |     127	   240
( 490)   -433	  -275  |      -9	  -271  |     153	   224
------------------------------------ 41 ------------------------------------
	  __genRe________genIm__|____rxRe_________rxIm__|____lsRe________lsIm_
( 492)   -263	  -440  |     114	  -236  |     144	   219
( 494)   -385	   338  |    -255	   -76  |     141	   225
( 496)      8	  -512  |     228	  -158  |     161	   225
( 498)     53	  -510  |     256	  -185  |     210	   235
( 500)   -460	   225  |    -266	  -157  |     169	   257
( 502)    -49	  -510  |     209	  -225  |     204	   229
------------------------------------ 42 ------------------------------------
	  __genRe________genIm__|____rxRe_________rxIm__|____lsRe________lsIm_
( 504)   -192	  -475  |     140	  -246  |     175	   222
( 506)   -127	   496  |    -268	   164  |     225	   218
( 508)   -499	  -119  |    -184	  -262  |     240	   212
( 510)   -465	   214  |    -286	   -88  |     222	   199
( 512)    503	   -91  |     254	   212  |     211	   253
( 514)    277	   430  |     -80	   301  |     209	   230
------------------------------------ 43 ------------------------------------
	  __genRe________genIm__|____rxRe_________rxIm__|____lsRe________lsIm_
( 516)    511	   -23  |     250	   208  |     240	   218
( 518)   -505	    84  |    -284	  -154  |     254	   198
( 520)   -413	  -303  |    -118	  -347  |     300	   210
( 522)   -362	   363  |    -356	    58  |     292	   211
( 524)    143	  -492  |     225	  -213  |     267	   156
( 526)    331	  -390  |     336	   -91  |     286	   197
------------------------------------ 44 ------------------------------------
	  __genRe________genIm__|____rxRe_________rxIm__|____lsRe________lsIm_
( 528)   -455	  -236  |    -146	  -334  |     283	   229
( 530)    471	  -200  |     333	    30  |     294	   157
( 532)    480	  -179  |     342	    48  |     303	   164
( 534)   -420	  -294  |    -145	  -314  |     299	   174
( 536)    409	  -308  |     321	   -47  |     284	   155
( 538)    286	  -425  |     314	  -144  |     294	   180
------------------------------------ 45 ------------------------------------
	  __genRe________genIm__|____rxRe_________rxIm__|____lsRe________lsIm_
( 540)   -474	   193  |    -334	    -3  |     308	   128
( 542)   -223	  -462  |     -10	  -336  |     307	   137
( 544)   -470	  -205  |    -250	  -244  |     327	   123
( 546)    416	   298  |     170	   280  |     301	   128
( 548)    -94	   503  |    -191	   322  |     351	   128
( 550)    402	   316  |     193	   264  |     314	    88
------------------------------------ 46 ------------------------------------
	  __genRe________genIm__|____rxRe_________rxIm__|____lsRe________lsIm_
( 552)   -450	  -246  |    -243	  -270  |     343	   120
( 554)   -160	  -487  |     -26	  -360  |     350	    87
( 556)   -501	   107  |    -358	   -21  |     345	    95
( 558)    372	  -351  |     290	  -190  |     340	    60
( 560)    475	  -189  |     349	   -93  |     358	    42
( 562)   -310	  -408  |    -153	  -310  |     339	    65
------------------------------------ 47 ------------------------------------
	  __genRe________genIm__|____rxRe_________rxIm__|____lsRe________lsIm_
( 564)    511	     0  |     328	    52  |     327	    51
( 566)    511	     0  |     388	    59  |     387	    58
( 568)   -310	  -408  |    -143	  -333  |     351	    87
( 570)    475	  -189  |     342	   -78  |     346	    53
( 572)    372	  -351  |     284	  -247  |     375	    15
( 574)   -501	   107  |    -371	    52  |     373	    26
------------------------------------- 0 -------------------------------------
	  __lsRe__________lsIm__|____intRe_______intIm__|____noiRe_______noiIm__
(   0)   -343	    46  |    -350	    40  |       7	     6
(   1)      0	     0  |    -354	    36  |       7	     6
(   2)   -366	    22  |    -352	    34  |      14	    12
(   3)      0	     0  |    -350	    34  |      14	    12
(   4)   -337	    43  |    -346	    34  |       9	     9
(   5)      0	     0  |    -338	    34  |       9	     9
(   6)   -341	    23  |    -340	    34  |       1	    11
(   7)      0	     0  |    -342	    36  |       1	    11
(   8)   -346	    46  |    -344	    48  |       2	     2
(   9)      0	     0  |    -346	    58  |       2	     2
(  10)   -347	    69  |    -344	    66  |       3	     3
(  11)      0	     0  |    -344	    74  |       3	     3
------------------------------------- 1 -------------------------------------
	  __lsRe__________lsIm__|____intRe_______intIm__|____noiRe_______noiIm__
(  12)   -339	    80  |    -338	    64  |       1	    16
(  13)      0	     0  |    -336	    54  |       1	    16
(  14)   -332	    26  |    -336	    50  |       4	    24
(  15)      0	     0  |    -338	    46  |       4	    24
(  16)   -343	    65  |    -334	    52  |       9	    13
(  17)      0	     0  |    -330	    62  |       9	    13
(  18)   -317	    58  |    -334	    74  |      17	    16
(  19)      0	     0  |    -338	    86  |      17	    16
(  20)   -361	   113  |    -352	    96  |       9	    17
(  21)      0	     0  |    -364	   110  |       9	    17
(  22)   -370	   106  |    -364	   100  |       6	     6
(  23)      0	     0  |    -366	    90  |       6	     6
------------------------------------- 2 -------------------------------------
	  __lsRe__________lsIm__|____intRe_______intIm__|____noiRe_______noiIm__
(  24)   -364	    73  |    -360	    90  |       4	    17
(  25)      0	     0  |    -356	    92  |       4	    17
(  26)   -347	   111  |    -352	   102  |       5	     9
(  27)      0	     0  |    -352	   114  |       5	     9
(  28)   -356	   114  |    -350	   110  |       6	     4
(  29)      0	     0  |    -350	   106  |       6	     4
(  30)   -346	    97  |    -344	   104  |       2	     7
(  31)      0	     0  |    -342	   106  |       2	     7
(  32)   -339	   115  |    -340	   120  |       1	     5
(  33)      0	     0  |    -338	   134  |       1	     5
(  34)   -337	   153  |    -340	   134  |       3	    19
(  35)      0	     0  |    -344	   134  |       3	    19
------------------------------------- 3 -------------------------------------
	  __lsRe__________lsIm__|____intRe_______intIm__|____noiRe_______noiIm__
(  36)   -352	   116  |    -352	   122  |       0	     6
(  37)      0	     0  |    -360	   110  |       0	     6
(  38)   -369	   104  |    -358	   116  |      11	    12
(  39)      0	     0  |    -358	   120  |      11	    12
(  40)   -348	   136  |    -356	   130  |       8	     6
(  41)      0	     0  |    -352	   140  |       8	     6
(  42)   -358	   143  |    -346	   140  |      12	     3
(  43)      0	     0  |    -342	   138  |      12	     3
(  44)   -329	   132  |    -342	   140  |      13	     8
(  45)      0	     0  |    -340	   142  |      13	     8
(  46)   -354	   150  |    -338	   142  |      16	     8
(  47)      0	     0  |    -334	   138  |      16	     8
------------------------------------- 4 -------------------------------------
	  __lsRe__________lsIm__|____intRe_______intIm__|____noiRe_______noiIm__
(  48)   -317	   124  |    -330	   138  |      13	    14
(  49)      0	     0  |    -328	   140  |      13	    14
(  50)   -340	   155  |    -324	   148  |      16	     7
(  51)      0	     0  |    -316	   152  |      16	     7
(  52)   -293	   148  |    -316	   158  |      23	    10
(  53)      0	     0  |    -318	   166  |      23	    10
(  54)   -345	   182  |    -322	   174  |      23	     8
(  55)      0	     0  |    -324	   178  |      23	     8
(  56)   -304	   172  |    -320	   176  |      16	     4
(  57)      0	     0  |    -318	   176  |      16	     4
(  58)   -331	   179  |    -322	   182  |       9	     3
(  59)      0	     0  |    -326	   186  |       9	     3
------------------------------------- 5 -------------------------------------
	  __lsRe__________lsIm__|____intRe_______intIm__|____noiRe_______noiIm__
(  60)   -322	   190  |    -318	   196  |       4	     6
(  61)      0	     0  |    -310	   208  |       4	     6
(  62)   -301	   224  |    -310	   210  |       9	    14
(  63)      0	     0  |    -310	   212  |       9	    14
(  64)   -322	   201  |    -304	   210  |      18	     9
(  65)      0	     0  |    -296	   208  |      18	     9
(  66)   -274	   215  |    -298	   210  |      24	     5
(  67)      0	     0  |    -298	   212  |      24	     5
(  68)   -325	   208  |    -308	   212  |      17	     4
(  69)      0	     0  |    -318	   210  |      17	     4
(  70)   -312	   213  |    -318	   210  |       6	     3
(  71)      0	     0  |    -316	   210  |       6	     3
------------------------------------- 6 -------------------------------------
	  __lsRe__________lsIm__|____intRe_______intIm__|____noiRe_______noiIm__
(  72)   -320	   208  |    -320	   212  |       0	     4
(  73)      0	     0  |    -324	   212  |       0	     4
(  74)   -328	   214  |    -316	   216  |      12	     2
(  75)      0	     0  |    -310	   220  |      12	     2
(  76)   -292	   223  |    -294	   226  |       2	     3
(  77)      0	     0  |    -280	   230  |       2	     3
(  78)   -267	   237  |    -282	   232  |      15	     5
(  79)      0	     0  |    -288	   236  |      15	     5
(  80)   -307	   234  |    -296	   236  |      11	     2
(  81)      0	     0  |    -306	   234  |      11	     2
(  82)   -306	   231  |    -312	   242  |       6	    11
(  83)      0	     0  |    -320	   254  |       6	    11
------------------------------------- 7 -------------------------------------
	  __lsRe__________lsIm__|____intRe_______intIm__|____noiRe_______noiIm__
(  84)   -337	   275  |    -316	   262  |      21	    13
(  85)      0	     0  |    -310	   268  |      21	    13
(  86)   -285	   260  |    -292	   266  |       7	     6
(  87)      0	     0  |    -274	   266  |       7	     6
(  88)   -265	   270  |    -268	   272  |       3	     2
(  89)      0	     0  |    -260	   278  |       3	     2
(  90)   -257	   282  |    -268	   284  |      11	     2
(  91)      0	     0  |    -278	   288  |      11	     2
(  92)   -299	   292  |    -266	   294  |      33	     2
(  93)      0	     0  |    -254	   300  |      33	     2
(  94)   -210	   309  |    -244	   310  |      34	     1
(  95)      0	     0  |    -236	   316  |      34	     1
------------------------------------- 8 -------------------------------------
	  __lsRe__________lsIm__|____intRe_______intIm__|____noiRe_______noiIm__
(  96)   -263	   324  |    -262	   314  |       1	    10
(  97)      0	     0  |    -288	   310  |       1	    10
(  98)   -312	   295  |    -286	   308  |      26	    13
(  99)      0	     0  |    -282	   302  |      26	    13
( 100)   -254	   308  |    -268	   302  |      14	     6
( 101)      0	     0  |    -252	   304  |      14	     6
( 102)   -253	   299  |    -254	   306  |       1	     7
( 103)      0	     0  |    -256	   306  |       1	     7
( 104)   -259	   313  |    -258	   312  |       1	     1
( 105)      0	     0  |    -258	   320  |       1	     1
( 106)   -255	   327  |    -252	   320  |       3	     7
( 107)      0	     0  |    -248	   320  |       3	     7
------------------------------------- 9 -------------------------------------
	  __lsRe__________lsIm__|____intRe_______intIm__|____noiRe_______noiIm__
( 108)   -241	   312  |    -240	   318  |       1	     6
( 109)      0	     0  |    -230	   318  |       1	     6
( 110)   -221	   323  |    -228	   324  |       7	     1
( 111)      0	     0  |    -224	   332  |       7	     1
( 112)   -230	   339  |    -222	   332  |       8	     7
( 113)      0	     0  |    -216	   334  |       8	     7
( 114)   -206	   327  |    -216	   326  |      10	     1
( 115)      0	     0  |    -216	   322  |      10	     1
( 116)   -227	   315  |    -216	   334  |      11	    19
( 117)      0	     0  |    -216	   346  |      11	    19
( 118)   -203	   376  |    -208	   348  |       5	    28
( 119)      0	     0  |    -204	   350  |       5	    28
------------------------------------- 10 -------------------------------------
	  __lsRe__________lsIm__|____intRe_______intIm__|____noiRe_______noiIm__
( 120)   -203	   324  |    -196	   342  |       7	    18
( 121)      0	     0  |    -190	   334  |       7	    18
( 122)   -178	   345  |    -176	   334  |       2	    11
( 123)      0	     0  |    -164	   330  |       2	    11
( 124)   -154	   317  |    -180	   334  |      26	    17
( 125)      0	     0  |    -194	   338  |      26	    17
( 126)   -237	   359  |    -192	   354  |      45	     5
( 127)      0	     0  |    -190	   368  |      45	     5
( 128)   -146	   374  |    -162	   378  |      16	     4
( 129)      0	     0  |    -132	   386  |      16	     4
( 130)   -120	   396  |    -138	   394  |      18	     2
( 131)      0	     0  |    -144	   400  |      18	     2
------------------------------------- 11 -------------------------------------
	  __lsRe__________lsIm__|____intRe_______intIm__|____noiRe_______noiIm__
( 132)   -170	   404  |    -142	   394  |      28	    10
( 133)      0	     0  |    -142	   386  |      28	    10
( 134)   -115	   369  |    -136	   380  |      21	    11
( 135)      0	     0  |    -130	   370  |      21	    11
( 136)   -144	   373  |    -136	   366  |       8	     7
( 137)      0	     0  |    -144	   362  |       8	     7
( 138)   -145	   353  |    -138	   360  |       7	     7
( 139)      0	     0  |    -134	   356  |       7	     7
( 140)   -123	   358  |    -128	   362  |       5	     4
( 141)      0	     0  |    -124	   370  |       5	     4
( 142)   -123	   378  |    -118	   370  |       5	     8
( 143)      0	     0  |    -114	   370  |       5	     8
------------------------------------- 12 -------------------------------------
	  __lsRe__________lsIm__|____intRe_______intIm__|____noiRe_______noiIm__
( 144)   -103	   360  |    -106	   374  |       3	    14
( 145)      0	     0  |    -100	   380  |       3	    14
( 146)    -97	   398  |     -92	   378  |       5	    20
( 147)      0	     0  |     -86	   376  |       5	    20
( 148)    -75	   352  |     -94	   374  |      19	    22
( 149)      0	     0  |    -102	   372  |      19	    22
( 150)   -127	   393  |    -110	   380  |      17	    13
( 151)      0	     0  |    -122	   390  |      17	    13
( 152)   -115	   387  |    -122	   388  |       7	     1
( 153)      0	     0  |    -120	   384  |       7	     1
( 154)   -126	   381  |    -100	   384  |      26	     3
( 155)      0	     0  |     -84	   386  |      26	     3
------------------------------------- 13 -------------------------------------
	  __lsRe__________lsIm__|____intRe_______intIm__|____noiRe_______noiIm__
( 156)    -43	   390  |     -62	   386  |      19	     4
( 157)      0	     0  |     -40	   384  |      19	     4
( 158)    -35	   376  |     -50	   382  |      15	     6
( 159)      0	     0  |     -62	   380  |      15	     6
( 160)    -89	   383  |     -56	   386  |      33	     3
( 161)      0	     0  |     -52	   392  |      33	     3
( 162)    -18	   399  |     -24	   396  |       6	     3
( 163)      0	     0  |       2	   398  |       6	     3
( 164)     21	   397  |      -2	   400  |      23	     3
( 165)      0	     0  |      -6	   400  |      23	     3
( 166)    -32	   405  |     -16	   394  |      16	    11
( 167)      0	     0  |     -26	   388  |      16	    11
------------------------------------- 14 -------------------------------------
	  __lsRe__________lsIm__|____intRe_______intIm__|____noiRe_______noiIm__
( 168)    -21	   371  |     -24	   380  |       3	     9
( 169)      0	     0  |     -22	   372  |       3	     9
( 170)    -24	   371  |     -16	   368  |       8	     3
( 171)      0	     0  |      -8	   366  |       8	     3
( 172)      9	   361  |       0	   362  |       9	     1
( 173)      0	     0  |      10	   360  |       9	     1
( 174)     11	   359  |      12	   366  |       1	     7
( 175)      0	     0  |      14	   372  |       1	     7
( 176)     14	   384  |      12	   370  |       2	    14
( 177)      0	     0  |      12	   370  |       2	    14
( 178)      6	   354  |      18	   364  |      12	    10
( 179)      0	     0  |      22	   358  |      12	    10
------------------------------------- 15 -------------------------------------
	  __lsRe__________lsIm__|____intRe_______intIm__|____noiRe_______noiIm__
( 180)     36	   361  |      24	   358  |      12	     3
( 181)      0	     0  |      24	   360  |      12	     3
( 182)     12	   358  |      26	   366  |      14	     8
( 183)      0	     0  |      24	   370  |      14	     8
( 184)     37	   380  |      34	   380  |       3	     0
( 185)      0	     0  |      42	   390  |       3	     0
( 186)     49	   398  |      42	   384  |       7	    14
( 187)      0	     0  |      38	   376  |       7	    14
( 188)     28	   353  |      50	   362  |      22	     9
( 189)      0	     0  |      62	   348  |      22	     9
( 190)     95	   343  |      74	   342  |      21	     1
( 191)      0	     0  |      82	   336  |      21	     1
------------------------------------- 16 -------------------------------------
	  __lsRe__________lsIm__|____intRe_______intIm__|____noiRe_______noiIm__
( 192)     69	   327  |      68	   334  |       1	     7
( 193)      0	     0  |      52	   330  |       1	     7
( 194)     36	   332  |      64	   340  |      28	     8
( 195)      0	     0  |      74	   348  |      28	     8
( 196)    113	   364  |      98	   350  |      15	    14
( 197)      0	     0  |     120	   350  |      15	    14
( 198)    129	   337  |     110	   352  |      19	    15
( 199)      0	     0  |     102	   352  |      19	    15
( 200)     75	   367  |      98	   350  |      23	    17
( 201)      0	     0  |      94	   346  |      23	    17
( 202)    112	   324  |      98	   328  |      14	     4
( 203)      0	     0  |     106	   310  |      14	     4
------------------------------------- 17 -------------------------------------
	  __lsRe__________lsIm__|____intRe_______intIm__|____noiRe_______noiIm__
( 204)     99	   296  |     110	   306  |      11	    10
( 205)      0	     0  |     112	   300  |      11	    10
( 206)    124	   304  |     114	   304  |      10	     0
( 207)      0	     0  |     120	   306  |      10	     0
( 208)    114	   309  |     114	   304  |       0	     5
( 209)      0	     0  |     106	   300  |       0	     5
( 210)     95	   292  |     102	   300  |       7	     8
( 211)      0	     0  |     100	   298  |       7	     8
( 212)    105	   304  |     104	   302  |       1	     2
( 213)      0	     0  |     110	   306  |       1	     2
( 214)    115	   307  |     114	   302  |       1	     5
( 215)      0	     0  |     116	   298  |       1	     5
------------------------------------- 18 -------------------------------------
	  __lsRe__________lsIm__|____intRe_______intIm__|____noiRe_______noiIm__
( 216)    117	   289  |     122	   284  |       5	     5
( 217)      0	     0  |     128	   274  |       5	     5
( 218)    140	   258  |     136	   274  |       4	    16
( 219)      0	     0  |     142	   276  |       4	    16
( 220)    143	   290  |     140	   276  |       3	    14
( 221)      0	     0  |     136	   276  |       3	    14
( 222)    127	   261  |     138	   264  |      11	     3
( 223)      0	     0  |     138	   252  |      11	     3
( 224)    149	   244  |     144	   250  |       5	     6
( 225)      0	     0  |     150	   248  |       5	     6
( 226)    153	   251  |     150	   252  |       3	     1
( 227)      0	     0  |     148	   254  |       3	     1
------------------------------------- 19 -------------------------------------
	  __lsRe__________lsIm__|____intRe_______intIm__|____noiRe_______noiIm__
( 228)    143	   256  |     148	   248  |       5	     8
( 229)      0	     0  |     148	   246  |       5	     8
( 230)    152	   235  |     154	   242  |       2	     7
( 231)      0	     0  |     160	   238  |       2	     7
( 232)    168	   241  |     166	   238  |       2	     3
( 233)      0	     0  |     170	   238  |       2	     3
( 234)    173	   237  |     160	   232  |      13	     5
( 235)      0	     0  |     152	   226  |      13	     5
( 236)    131	   215  |     148	   222  |      17	     7
( 237)      0	     0  |     144	   216  |      17	     7
( 238)    155	   215  |     150	   218  |       5	     3
( 239)      0	     0  |     156	   220  |       5	     3
------------------------------------- 20 -------------------------------------
	  __lsRe__________lsIm__|____intRe_______intIm__|____noiRe_______noiIm__
( 240)    157	   223  |     154	   214  |       3	     9
( 241)      0	     0  |     154	   210  |       3	     9
( 242)    153	   194  |     154	   202  |       1	     8
( 243)      0	     0  |     150	   196  |       1	     8
( 244)    149	   195  |     152	   200  |       3	     5
( 245)      0	     0  |     154	   204  |       3	     5
( 246)    160	   212  |     162	   200  |       2	    12
( 247)      0	     0  |     168	   196  |       2	    12
( 248)    174	   181  |     170	   184  |       4	     3
( 249)      0	     0  |     174	   172  |       4	     3
( 250)    171	   163  |     170	   174  |       1	    11
( 251)      0	     0  |     166	   176  |       1	    11
------------------------------------- 21 -------------------------------------
	  __lsRe__________lsIm__|____intRe_______intIm__|____noiRe_______noiIm__
( 252)    160	   187  |     164	   176  |       4	    11
( 253)      0	     0  |     164	   178  |       4	    11
( 254)    169	   169  |     162	   174  |       7	     5
( 255)      0	     0  |     162	   174  |       7	     5
( 256)    154	   178  |     160	   170  |       6	     8
( 257)      0	     0  |     158	   166  |       6	     8
( 258)    158	   151  |     156	   154  |       2	     3
( 259)      0	     0  |     158	   144  |       2	     3
( 260)    155	   135  |     154	   146  |       1	    11
( 261)      0	     0  |     150	   150  |       1	    11
( 262)    143	   162  |     148	   150  |       5	    12
( 263)      0	     0  |     146	   150  |       5	    12
------------------------------------- 22 -------------------------------------
	  __lsRe__________lsIm__|____intRe_______intIm__|____noiRe_______noiIm__
( 264)    148	   137  |     152	   150  |       4	    13
( 265)      0	     0  |     158	   152  |       4	    13
( 266)    169	   166  |     160	   154  |       9	    12
( 267)      0	     0  |     160	   156  |       9	    12
( 268)    150	   142  |     158	   148  |       8	     6
( 269)      0	     0  |     158	   142  |       8	     6
( 270)    162	   138  |     158	   136  |       4	     2
( 271)      0	     0  |     156	   130  |       4	     2
( 272)    148	   121  |     154	   120  |       6	     1
( 273)      0	     0  |     154	   114  |       6	     1
( 274)    158	   107  |     156	   110  |       2	     3
( 275)      0	     0  |     156	   106  |       2	     3
------------------------------------- 23 -------------------------------------
	  __lsRe__________lsIm__|____intRe_______intIm__|____noiRe_______noiIm__
( 276)    150	   105  |     156	    96  |       6	     9
( 277)      0	     0  |     156	    90  |       6	     9
( 278)    159	    75  |     150	    94  |       9	    19
( 279)      0	     0  |     144	   100  |       9	    19
( 280)    127	   123  |     144	   112  |      17	    11
( 281)      0	     0  |     144	   126  |      17	    11
( 282)    160	   128  |     148	   116  |      12	    12
( 283)      0	     0  |     152	   108  |      12	    12
( 284)    144	    87  |     150	   100  |       6	    13
( 285)      0	     0  |     148	    90  |       6	    13
( 286)    153	    93  |     150	    98  |       3	     5
( 287)      0	     0  |     152	   104  |       3	     5
------------------------------------- 24 -------------------------------------
	  __lsRe__________lsIm__|____intRe_______intIm__|____noiRe_______noiIm__
( 288)    151	   117  |     148	   110  |       3	     7
( 289)      0	     0  |     146	   114  |       3	     7
( 290)    138	   111  |     146	   104  |       8	     7
( 291)      0	     0  |     146	    92  |       8	     7
( 292)    151	    73  |     144	    82  |       7	     9
( 293)      0	     0  |     144	    74  |       7	     9
( 294)    134	    75  |     136	    74  |       2	     1
( 295)      0	     0  |     128	    76  |       2	     1
( 296)    121	    75  |     126	    78  |       5	     3
( 297)      0	     0  |     124	    82  |       5	     3
( 298)    126	    89  |     124	    84  |       2	     5
( 299)      0	     0  |     124	    88  |       2	     5
------------------------------------- 25 -------------------------------------
	  __lsRe__________lsIm__|____intRe_______intIm__|____noiRe_______noiIm__
( 300)    119	    86  |     126	    84  |       7	     2
( 301)      0	     0  |     128	    80  |       7	     2
( 302)    136	    73  |     120	    68  |      16	     5
( 303)      0	     0  |     112	    56  |      16	     5
( 304)     87	    39  |     100	    48  |      13	     9
( 305)      0	     0  |      88	    40  |      13	     9
( 306)    -14	    87  |      18	    88  |      32	     1
( 307)      0	     0  |      52	    88  |      32	     1
( 308)    115	    87  |      80	    90  |      35	     3
( 309)      0	     0  |     112	    94  |      35	     3
( 310)    106	    99  |     110	    86  |       4	    13
( 311)      0	     0  |     110	    76  |       4	    13
------------------------------------- 26 -------------------------------------
	  __lsRe__________lsIm__|____intRe_______intIm__|____noiRe_______noiIm__
( 312)    111	    52  |      98	    68  |      13	    16
( 313)      0	     0  |      88	    62  |      13	    16
( 314)     63	    70  |      76	    68  |      13	     2
( 315)      0	     0  |      64	    72  |      13	     2
( 316)     64	    72  |      68	    72  |       4	     0
( 317)      0	     0  |      72	    74  |       4	     0
( 318)     80	    75  |      82	    78  |       2	     3
( 319)      0	     0  |      90	    84  |       2	     3
( 320)    100	    90  |      96	    84  |       4	     6
( 321)      0	     0  |     100	    88  |       4	     6
( 322)    101	    83  |      88	    84  |      13	     1
( 323)      0	     0  |      72	    84  |      13	     1
------------------------------------- 27 -------------------------------------
	  __lsRe__________lsIm__|____intRe_______intIm__|____noiRe_______noiIm__
( 324)     44	    82  |      72	    82  |      28	     0
( 325)      0	     0  |      72	    84  |      28	     0
( 326)     98	    82  |      80	    78  |      18	     4
( 327)      0	     0  |      88	    74  |      18	     4
( 328)     75	    63  |      74	    70  |       1	     7
( 329)      0	     0  |      64	    68  |       1	     7
( 330)     51	    73  |      66	    74  |      15	     1
( 331)      0	     0  |      70	    80  |      15	     1
( 332)     89	    86  |      74	    80  |      15	     6
( 333)      0	     0  |      78	    80  |      15	     6
( 334)     68	    73  |      76	    84  |       8	    11
( 335)      0	     0  |      72	    88  |       8	    11
------------------------------------- 28 -------------------------------------
	  __lsRe__________lsIm__|____intRe_______intIm__|____noiRe_______noiIm__
( 336)     76	   102  |      74	    94  |       2	     8
( 337)      0	     0  |      76	   100  |       2	     8
( 338)     74	    95  |      78	    92  |       4	     3
( 339)      0	     0  |      78	    84  |       4	     3
( 340)     79	    70  |      72	    86  |       7	    16
( 341)      0	     0  |      68	    88  |       7	    16
( 342)     55	   103  |      64	    92  |       9	    11
( 343)      0	     0  |      60	    96  |       9	    11
( 344)     65	    88  |      62	    86  |       3	     2
( 345)      0	     0  |      62	    78  |       3	     2
( 346)     61	    67  |      54	    76  |       7	     9
( 347)      0	     0  |      48	    76  |       7	     9
------------------------------------- 29 -------------------------------------
	  __lsRe__________lsIm__|____intRe_______intIm__|____noiRe_______noiIm__
( 348)     34	    83  |      44	    82  |      10	     1
( 349)      0	     0  |      40	    88  |      10	     1
( 350)     42	    93  |      38	    86  |       4	     7
( 351)      0	     0  |      38	    84  |       4	     7
( 352)     31	    76  |      40	    90  |       9	    14
( 353)      0	     0  |      46	    92  |       9	    14
( 354)     59	   109  |      42	    96  |      17	    13
( 355)      0	     0  |      38	    96  |      17	    13
( 356)     15	    84  |      28	    92  |      13	     8
( 357)      0	     0  |      22	    86  |      13	     8
( 358)     27	    87  |      26	    92  |       1	     5
( 359)      0	     0  |      32	    94  |       1	     5
------------------------------------- 30 -------------------------------------
	  __lsRe__________lsIm__|____intRe_______intIm__|____noiRe_______noiIm__
( 360)     35	   100  |      32	    92  |       3	     8
( 361)      0	     0  |      32	    90  |       3	     8
( 362)     28	    79  |      32	    86  |       4	     7
( 363)      0	     0  |      34	    80  |       4	     7
( 364)     39	    81  |      38	    78  |       1	     3
( 365)      0	     0  |      40	    76  |       1	     3
( 366)     38	    72  |      46	    82  |       8	    10
( 367)      0	     0  |      52	    88  |       8	    10
( 368)     65	   105  |      52	    92  |      13	    13
( 369)      0	     0  |      50	    96  |      13	    13
( 370)     36	    86  |      36	    98  |       0	    12
( 371)      0	     0  |      24	   100  |       0	    12
------------------------------------- 31 -------------------------------------
	  __lsRe__________lsIm__|____intRe_______intIm__|____noiRe_______noiIm__
( 372)     10	   112  |      26	   100  |      16	    12
( 373)      0	     0  |      26	   100  |      16	    12
( 374)     41	    88  |      26	   100  |      15	    12
( 375)      0	     0  |      30	   102  |      15	    12
( 376)     19	   115  |      32	   104  |      13	    11
( 377)      0	     0  |      32	   104  |      13	    11
( 378)     44	    93  |      34	   108  |      10	    15
( 379)      0	     0  |      40	   114  |      10	    15
( 380)     34	   134  |      44	   116  |      10	    18
( 381)      0	     0  |      48	   116  |      10	    18
( 382)     59	    97  |      48	   112  |      11	    15
( 383)      0	     0  |      50	   108  |      11	    15
------------------------------------- 32 -------------------------------------
	  __lsRe__________lsIm__|____intRe_______intIm__|____noiRe_______noiIm__
( 384)     40	   119  |      42	   110  |       2	     9
( 385)      0	     0  |      38	   114  |       2	     9
( 386)     34	   107  |      38	   110  |       4	     3
( 387)      0	     0  |      38	   108  |       4	     3
( 388)     39	   107  |      42	   108  |       3	     1
( 389)      0	     0  |      46	   112  |       3	     1
( 390)     52	   114  |      46	   114  |       6	     0
( 391)      0	     0  |      46	   116  |       6	     0
( 392)     38	   117  |      48	   112  |      10	     5
( 393)      0	     0  |      46	   110  |      10	     5
( 394)     52	   103  |      52	   116  |       0	    13
( 395)      0	     0  |      58	   122  |       0	    13
------------------------------------- 33 -------------------------------------
	  __lsRe__________lsIm__|____intRe_______intIm__|____noiRe_______noiIm__
( 396)     62	   139  |      52	   134  |      10	     5
( 397)      0	     0  |      44	   146  |      10	     5
( 398)     22	   150  |      46	   142  |      24	     8
( 399)      0	     0  |      46	   138  |      24	     8
( 400)     68	   125  |      52	   126  |      16	     1
( 401)      0	     0  |      58	   114  |      16	     1
( 402)     47	   103  |      54	   112  |       7	     9
( 403)      0	     0  |      48	   110  |       7	     9
( 404)     49	   115  |      48	   114  |       1	     1
( 405)      0	     0  |      50	   120  |       1	     1
( 406)     50	   123  |      42	   122  |       8	     1
( 407)      0	     0  |      36	   128  |       8	     1
------------------------------------- 34 -------------------------------------
	  __lsRe__________lsIm__|____intRe_______intIm__|____noiRe_______noiIm__
( 408)     18	   130  |      32	   130  |      14	     0
( 409)      0	     0  |      30	   136  |      14	     0
( 410)     41	   138  |      42	   134  |       1	     4
( 411)      0	     0  |      54	   136  |       1	     4
( 412)     69	   130  |      60	   132  |       9	     2
( 413)      0	     0  |      66	   130  |       9	     2
( 414)     65	   127  |      52	   132  |      13	     5
( 415)      0	     0  |      36	   134  |      13	     5
( 416)      7	   140  |      28	   140  |      21	     0
( 417)      0	     0  |      20	   146  |      21	     0
( 418)     31	   150  |      24	   148  |       7	     2
( 419)      0	     0  |      26	   150  |       7	     2
------------------------------------- 35 -------------------------------------
	  __lsRe__________lsIm__|____intRe_______intIm__|____noiRe_______noiIm__
( 420)     21	   146  |      32	   154  |      11	     8
( 421)      0	     0  |      36	   156  |      11	     8
( 422)     52	   165  |      34	   150  |      18	    15
( 423)      0	     0  |      30	   144  |      18	    15
( 424)      7	   124  |      26	   140  |      19	    16
( 425)      0	     0  |      18	   134  |      19	    16
( 426)     28	   145  |      24	   146  |       4	     1
( 427)      0	     0  |      28	   156  |       4	     1
( 428)     29	   169  |      40	   156  |      11	    13
( 429)      0	     0  |      50	   154  |      11	    13
( 430)     73	   140  |      56	   156  |      17	    16
( 431)      0	     0  |      60	   158  |      17	    16
------------------------------------- 36 -------------------------------------
	  __lsRe__________lsIm__|____intRe_______intIm__|____noiRe_______noiIm__
( 432)     47	   176  |      56	   164  |       9	    12
( 433)      0	     0  |      52	   168  |       9	    12
( 434)     54	   160  |      46	   164  |       8	     4
( 435)      0	     0  |      38	   158  |       8	     4
( 436)     21	   157  |      36	   158  |      15	     1
( 437)      0	     0  |      34	   158  |      15	     1
( 438)     49	   158  |      42	   156  |       7	     2
( 439)      0	     0  |      48	   152  |       7	     2
( 440)     47	   145  |      48	   158  |       1	    13
( 441)      0	     0  |      46	   164  |       1	    13
( 442)     45	   185  |      44	   170  |       1	    15
( 443)      0	     0  |      44	   176  |       1	    15
------------------------------------- 37 -------------------------------------
	  __lsRe__________lsIm__|____intRe_______intIm__|____noiRe_______noiIm__
( 444)     43	   169  |      54	   174  |      11	     5
( 445)      0	     0  |      60	   172  |      11	     5
( 446)     76	   175  |      62	   170  |      14	     5
( 447)      0	     0  |      64	   170  |      14	     5
( 448)     52	   162  |      58	   176  |       6	    14
( 449)      0	     0  |      48	   182  |       6	    14
( 450)     45	   201  |      46	   184  |       1	    17
( 451)      0	     0  |      42	   188  |       1	    17
( 452)     39	   175  |      40	   190  |       1	    15
( 453)      0	     0  |      36	   190  |       1	    15
( 454)     31	   204  |      46	   194  |      15	    10
( 455)      0	     0  |      54	   198  |      15	    10
------------------------------------- 38 -------------------------------------
	  __lsRe__________lsIm__|____intRe_______intIm__|____noiRe_______noiIm__
( 456)     76	   190  |      60	   196  |      16	     6
( 457)      0	     0  |      66	   192  |      16	     6
( 458)     54	   191  |      58	   192  |       4	     1
( 459)      0	     0  |      48	   190  |       4	     1
( 460)     39	   189  |      64	   200  |      25	    11
( 461)      0	     0  |      78	   210  |      25	    11
( 462)    116	   231  |     100	   216  |      16	    15
( 463)      0	     0  |     120	   218  |      16	    15
( 464)    125	   205  |     120	   216  |       5	    11
( 465)      0	     0  |     116	   216  |       5	    11
( 466)    109	   226  |     108	   212  |       1	    14
( 467)      0	     0  |      98	   208  |       1	    14
------------------------------------- 39 -------------------------------------
	  __lsRe__________lsIm__|____intRe_______intIm__|____noiRe_______noiIm__
( 468)     86	   187  |      86	   202  |       0	    15
( 469)      0	     0  |      70	   200  |       0	    15
( 470)     52	   210  |      74	   198  |      22	    12
( 471)      0	     0  |      76	   200  |      22	    12
( 472)    100	   187  |      94	   194  |       6	     7
( 473)      0	     0  |     110	   190  |       6	     7
( 474)    120	   192  |     110	   202  |      10	    10
( 475)      0	     0  |     108	   214  |      10	    10
( 476)     95	   236  |     106	   218  |      11	    18
( 477)      0	     0  |     104	   220  |      11	    18
( 478)    113	   204  |     112	   222  |       1	    18
( 479)      0	     0  |     120	   222  |       1	    18
------------------------------------- 40 -------------------------------------
	  __lsRe__________lsIm__|____intRe_______intIm__|____noiRe_______noiIm__
( 480)    129	   238  |     126	   218  |       3	    20
( 481)      0	     0  |     130	   214  |       3	    20
( 482)    132	   187  |     126	   216  |       6	    29
( 483)      0	     0  |     124	   218  |       6	    29
( 484)    115	   246  |     120	   228  |       5	    18
( 485)      0	     0  |     114	   242  |       5	    18
( 486)    111	   235  |     116	   240  |       5	     5
( 487)      0	     0  |     120	   238  |       5	     5
( 488)    127	   240  |     130	   234  |       3	     6
( 489)      0	     0  |     140	   232  |       3	     6
( 490)    153	   224  |     144	   226  |       9	     2
( 491)      0	     0  |     148	   222  |       9	     2
------------------------------------- 41 -------------------------------------
	  __lsRe__________lsIm__|____intRe_______intIm__|____noiRe_______noiIm__
( 492)    144	   219  |     146	   222  |       2	     3
( 493)      0	     0  |     142	   222  |       2	     3
( 494)    141	   225  |     146	   222  |       5	     3
( 495)      0	     0  |     150	   224  |       5	     3
( 496)    161	   225  |     168	   226  |       7	     1
( 497)      0	     0  |     186	   230  |       7	     1
( 498)    210	   235  |     188	   238  |      22	     3
( 499)      0	     0  |     190	   246  |      22	     3
( 500)    169	   257  |     188	   244  |      19	    13
( 501)      0	     0  |     186	   242  |      19	    13
( 502)    204	   229  |     188	   234  |      16	     5
( 503)      0	     0  |     190	   226  |      16	     5
------------------------------------- 42 -------------------------------------
	  __lsRe__________lsIm__|____intRe_______intIm__|____noiRe_______noiIm__
( 504)    175	   222  |     196	   224  |      21	     2
( 505)      0	     0  |     200	   222  |      21	     2
( 506)    225	   218  |     216	   220  |       9	     2
( 507)      0	     0  |     232	   216  |       9	     2
( 508)    240	   212  |     232	   210  |       8	     2
( 509)      0	     0  |     232	   206  |       8	     2
( 510)    222	   199  |     224	   218  |       2	    19
( 511)      0	     0  |     218	   226  |       2	    19
( 512)    211	   253  |     214	   234  |       3	    19
( 513)      0	     0  |     210	   242  |       3	    19
( 514)    209	   230  |     216	   234  |       7	     4
( 515)      0	     0  |     224	   226  |       7	     4
------------------------------------- 43 -------------------------------------
	  __lsRe__________lsIm__|____intRe_______intIm__|____noiRe_______noiIm__
( 516)    240	   218  |     236	   218  |       4	     0
( 517)      0	     0  |     248	   210  |       4	     0
( 518)    254	   198  |     264	   206  |      10	     8
( 519)      0	     0  |     278	   206  |      10	     8
( 520)    300	   210  |     288	   208  |      12	     2
( 521)      0	     0  |     296	   212  |      12	     2
( 522)    292	   211  |     288	   198  |       4	    13
( 523)      0	     0  |     280	   184  |       4	    13
( 524)    267	   156  |     280	   180  |      13	    24
( 525)      0	     0  |     278	   176  |      13	    24
( 526)    286	   197  |     280	   196  |       6	     1
( 527)      0	     0  |     286	   212  |       6	     1
------------------------------------- 44 -------------------------------------
	  __lsRe__________lsIm__|____intRe_______intIm__|____noiRe_______noiIm__
( 528)    283	   229  |     288	   204  |       5	    25
( 529)      0	     0  |     290	   192  |       5	    25
( 530)    294	   157  |     294	   178  |       0	    21
( 531)      0	     0  |     300	   160  |       0	    21
( 532)    303	   164  |     300	   166  |       3	     2
( 533)      0	     0  |     302	   170  |       3	     2
( 534)    299	   174  |     298	   168  |       1	     6
( 535)      0	     0  |     292	   166  |       1	     6
( 536)    284	   155  |     290	   168  |       6	    13
( 537)      0	     0  |     290	   168  |       6	    13
( 538)    294	   180  |     298	   160  |       4	    20
( 539)      0	     0  |     302	   154  |       4	    20
------------------------------------- 45 -------------------------------------
	  __lsRe__________lsIm__|____intRe_______intIm__|____noiRe_______noiIm__
( 540)    308	   128  |     304	   144  |       4	    16
( 541)      0	     0  |     308	   132  |       4	    16
( 542)    307	   137  |     314	   130  |       7	     7
( 543)      0	     0  |     318	   130  |       7	     7
( 544)    327	   123  |     316	   128  |      11	     5
( 545)      0	     0  |     314	   126  |      11	     5
( 546)    301	   128  |     320	   126  |      19	     2
( 547)      0	     0  |     326	   128  |      19	     2
( 548)    351	   128  |     330	   118  |      21	    10
( 549)      0	     0  |     334	   108  |      21	    10
( 550)    314	    88  |     332	   106  |      18	    18
( 551)      0	     0  |     330	   104  |      18	    18
------------------------------------- 46 -------------------------------------
	  __lsRe__________lsIm__|____intRe_______intIm__|____noiRe_______noiIm__
( 552)    343	   120  |     338	   104  |       5	    16
( 553)      0	     0  |     348	   104  |       5	    16
( 554)    350	    87  |     348	    98  |       2	    11
( 555)      0	     0  |     348	    92  |       2	    11
( 556)    345	    95  |     346	    86  |       1	     9
( 557)      0	     0  |     342	    78  |       1	     9
( 558)    340	    60  |     346	    64  |       6	     4
( 559)      0	     0  |     350	    52  |       6	     4
( 560)    358	    42  |     350	    54  |       8	    12
( 561)      0	     0  |     350	    54  |       8	    12
( 562)    339	    65  |     342	    54  |       3	    11
( 563)      0	     0  |     334	    58  |       3	    11
------------------------------------- 47 -------------------------------------
	  __lsRe__________lsIm__|____intRe_______intIm__|____noiRe_______noiIm__
( 564)    327	    51  |     344	    56  |      17	     5
( 565)      0	     0  |     358	    56  |      17	     5
( 566)    387	    58  |     364	    64  |      23	     6
( 567)      0	     0  |     370	    74  |      23	     6
( 568)    351	    87  |     358	    72  |       7	    15
( 569)      0	     0  |     350	    70  |       7	    15
( 570)    346	    53  |     356	    52  |      10	     1
( 571)      0	     0  |     362	    34  |      10	     1
( 572)    375	    15  |     368	    28  |       7	    13
( 573)      0	     0  |     374	    22  |       7	    13
( 574)    373	    26  |     374	    24  |       1	     2
( 575)      0	     0  |     374	    26  |       1	     2
signal_power = 85568
noise_power_per_rb[0] = 36, snr_per_rb[0] = 32 dB
noise_power_per_rb[1] = 73, snr_per_rb[1] = 29 dB
noise_power_per_rb[2] = 42, snr_per_rb[2] = 32 dB
noise_power_per_rb[3] = 34, snr_per_rb[3] = 33 dB
noise_power_per_rb[4] = 70, snr_per_rb[4] = 30 dB
noise_power_per_rb[5] = 75, snr_per_rb[5] = 29 dB
noise_power_per_rb[6] = 52, snr_per_rb[6] = 31 dB
noise_power_per_rb[7] = 173, snr_per_rb[7] = 26 dB
noise_power_per_rb[8] = 116, snr_per_rb[8] = 27 dB
noise_power_per_rb[9] = 116, snr_per_rb[9] = 27 dB
noise_power_per_rb[10] = 242, snr_per_rb[10] = 24 dB
noise_power_per_rb[11] = 104, snr_per_rb[11] = 28 dB
noise_power_per_rb[12] = 155, snr_per_rb[12] = 26 dB
noise_power_per_rb[13] = 100, snr_per_rb[13] = 28 dB
noise_power_per_rb[14] = 48, snr_per_rb[14] = 31 dB
noise_power_per_rb[15] = 84, snr_per_rb[15] = 29 dB
noise_power_per_rb[16] = 132, snr_per_rb[16] = 27 dB
noise_power_per_rb[17] = 31, snr_per_rb[17] = 33 dB
noise_power_per_rb[18] = 47, snr_per_rb[18] = 31 dB
noise_power_per_rb[19] = 46, snr_per_rb[19] = 31 dB
noise_power_per_rb[20] = 12, snr_per_rb[20] = 37 dB
noise_power_per_rb[21] = 21, snr_per_rb[21] = 35 dB
noise_power_per_rb[22] = 35, snr_per_rb[22] = 33 dB
noise_power_per_rb[23] = 64, snr_per_rb[23] = 30 dB
noise_power_per_rb[24] = 19, snr_per_rb[24] = 35 dB
noise_power_per_rb[25] = 190, snr_per_rb[25] = 25 dB
noise_power_per_rb[26] = 61, snr_per_rb[26] = 30 dB
noise_power_per_rb[27] = 95, snr_per_rb[27] = 28 dB
noise_power_per_rb[28] = 34, snr_per_rb[28] = 33 dB
noise_power_per_rb[29] = 48, snr_per_rb[29] = 31 dB
noise_power_per_rb[30] = 52, snr_per_rb[30] = 31 dB
noise_power_per_rb[31] = 45, snr_per_rb[31] = 31 dB
noise_power_per_rb[32] = 33, snr_per_rb[32] = 33 dB
noise_power_per_rb[33] = 65, snr_per_rb[33] = 30 dB
noise_power_per_rb[34] = 60, snr_per_rb[34] = 30 dB
noise_power_per_rb[35] = 76, snr_per_rb[35] = 29 dB
noise_power_per_rb[36] = 78, snr_per_rb[36] = 29 dB
noise_power_per_rb[37] = 54, snr_per_rb[37] = 31 dB
noise_power_per_rb[38] = 110, snr_per_rb[38] = 28 dB
noise_power_per_rb[39] = 84, snr_per_rb[39] = 29 dB
noise_power_per_rb[40] = 107, snr_per_rb[40] = 28 dB
noise_power_per_rb[41] = 96, snr_per_rb[41] = 28 dB
noise_power_per_rb[42] = 105, snr_per_rb[42] = 28 dB
noise_power_per_rb[43] = 87, snr_per_rb[43] = 29 dB
noise_power_per_rb[44] = 88, snr_per_rb[44] = 29 dB
noise_power_per_rb[45] = 94, snr_per_rb[45] = 28 dB
noise_power_per_rb[46] = 30, snr_per_rb[46] = 33 dB
noise_power_per_rb[47] = 96, snr_per_rb[47] = 28 dB
noise_power = 247, SNR = 24 dB